DateKey,Date,Day,WeekNum,Month,MonthShort,MonthNum,Quarter,Year
20210101,1/1/2021,Friday,1,January,Jan,1,1,2021
20210102,2/1/2021,Saturday,1,January,Jan,1,1,2021
20210103,3/1/2021,Sunday,2,January,Jan,1,1,2021
20210104,4/1/2021,Monday,2,January,Jan,1,1,2021
20210105,5/1/2021,Tuesday,2,January,Jan,1,1,2021
20210106,6/1/2021,Wednesday,2,January,Jan,1,1,2021
20210107,7/1/2021,Thursday,2,January,Jan,1,1,2021
20210108,8/1/2021,Friday,2,January,Jan,1,1,2021
20210109,9/1/2021,Saturday,2,January,Jan,1,1,2021
20210110,10/1/2021,Sunday,3,January,Jan,1,1,2021
20210111,11/1/2021,Monday,3,January,Jan,1,1,2021
20210112,12/1/2021,Tuesday,3,January,Jan,1,1,2021
20210113,13/1/2021,Wednesday,3,January,Jan,1,1,2021
20210114,14/1/2021,Thursday,3,January,Jan,1,1,2021
20210115,15/1/2021,Friday,3,January,Jan,1,1,2021
20210116,16/1/2021,Saturday,3,January,Jan,1,1,2021
20210117,17/1/2021,Sunday,4,January,Jan,1,1,2021
20210118,18/1/2021,Monday,4,January,Jan,1,1,2021
20210119,19/1/2021,Tuesday,4,January,Jan,1,1,2021
20210120,20/1/2021,Wednesday,4,January,Jan,1,1,2021
20210121,21/1/2021,Thursday,4,January,Jan,1,1,2021
20210122,22/1/2021,Friday,4,January,Jan,1,1,2021
20210123,23/1/2021,Saturday,4,January,Jan,1,1,2021
20210124,24/1/2021,Sunday,5,January,Jan,1,1,2021
20210125,25/1/2021,Monday,5,January,Jan,1,1,2021
20210126,26/1/2021,Tuesday,5,January,Jan,1,1,2021
20210127,27/1/2021,Wednesday,5,January,Jan,1,1,2021
20210128,28/1/2021,Thursday,5,January,Jan,1,1,2021
20210129,29/1/2021,Friday,5,January,Jan,1,1,2021
20210130,30/1/2021,Saturday,5,January,Jan,1,1,2021
20210131,31/1/2021,Sunday,6,January,Jan,1,1,2021
20210201,1/2/2021,Monday,6,February,Feb,2,1,2021
20210202,2/2/2021,Tuesday,6,February,Feb,2,1,2021
20210203,3/2/2021,Wednesday,6,February,Feb,2,1,2021
20210204,4/2/2021,Thursday,6,February,Feb,2,1,2021
20210205,5/2/2021,Friday,6,February,Feb,2,1,2021
20210206,6/2/2021,Saturday,6,February,Feb,2,1,2021
20210207,7/2/2021,Sunday,7,February,Feb,2,1,2021
20210208,8/2/2021,Monday,7,February,Feb,2,1,2021
20210209,9/2/2021,Tuesday,7,February,Feb,2,1,2021
20210210,10/2/2021,Wednesday,7,February,Feb,2,1,2021
20210211,11/2/2021,Thursday,7,February,Feb,2,1,2021
20210212,12/2/2021,Friday,7,February,Feb,2,1,2021
20210213,13/2/2021,Saturday,7,February,Feb,2,1,2021
20210214,14/2/2021,Sunday,8,February,Feb,2,1,2021
20210215,15/2/2021,Monday,8,February,Feb,2,1,2021
20210216,16/2/2021,Tuesday,8,February,Feb,2,1,2021
20210217,17/2/2021,Wednesday,8,February,Feb,2,1,2021
20210218,18/2/2021,Thursday,8,February,Feb,2,1,2021
20210219,19/2/2021,Friday,8,February,Feb,2,1,2021
20210220,20/2/2021,Saturday,8,February,Feb,2,1,2021
20210221,21/2/2021,Sunday,9,February,Feb,2,1,2021
20210222,22/2/2021,Monday,9,February,Feb,2,1,2021
20210223,23/2/2021,Tuesday,9,February,Feb,2,1,2021
20210224,24/2/2021,Wednesday,9,February,Feb,2,1,2021
20210225,25/2/2021,Thursday,9,February,Feb,2,1,2021
20210226,26/2/2021,Friday,9,February,Feb,2,1,2021
20210227,27/2/2021,Saturday,9,February,Feb,2,1,2021
20210228,28/2/2021,Sunday,10,February,Feb,2,1,2021
20210301,1/3/2021,Monday,10,March,Mar,3,1,2021
20210302,2/3/2021,Tuesday,10,March,Mar,3,1,2021
20210303,3/3/2021,Wednesday,10,March,Mar,3,1,2021
20210304,4/3/2021,Thursday,10,March,Mar,3,1,2021
20210305,5/3/2021,Friday,10,March,Mar,3,1,2021
20210306,6/3/2021,Saturday,10,March,Mar,3,1,2021
20210307,7/3/2021,Sunday,11,March,Mar,3,1,2021
20210308,8/3/2021,Monday,11,March,Mar,3,1,2021
20210309,9/3/2021,Tuesday,11,March,Mar,3,1,2021
20210310,10/3/2021,Wednesday,11,March,Mar,3,1,2021
20210311,11/3/2021,Thursday,11,March,Mar,3,1,2021
20210312,12/3/2021,Friday,11,March,Mar,3,1,2021
20210313,13/3/2021,Saturday,11,March,Mar,3,1,2021
20210314,14/3/2021,Sunday,12,March,Mar,3,1,2021
20210315,15/3/2021,Monday,12,March,Mar,3,1,2021
20210316,16/3/2021,Tuesday,12,March,Mar,3,1,2021
20210317,17/3/2021,Wednesday,12,March,Mar,3,1,2021
20210318,18/3/2021,Thursday,12,March,Mar,3,1,2021
20210319,19/3/2021,Friday,12,March,Mar,3,1,2021
20210320,20/3/2021,Saturday,12,March,Mar,3,1,2021
20210321,21/3/2021,Sunday,13,March,Mar,3,1,2021
20210322,22/3/2021,Monday,13,March,Mar,3,1,2021
20210323,23/3/2021,Tuesday,13,March,Mar,3,1,2021
20210324,24/3/2021,Wednesday,13,March,Mar,3,1,2021
20210325,25/3/2021,Thursday,13,March,Mar,3,1,2021
20210326,26/3/2021,Friday,13,March,Mar,3,1,2021
20210327,27/3/2021,Saturday,13,March,Mar,3,1,2021
20210328,28/3/2021,Sunday,14,March,Mar,3,1,2021
20210329,29/3/2021,Monday,14,March,Mar,3,1,2021
20210330,30/3/2021,Tuesday,14,March,Mar,3,1,2021
20210331,31/3/2021,Wednesday,14,March,Mar,3,1,2021
20210401,1/4/2021,Thursday,14,April,Apr,4,2,2021
20210402,2/4/2021,Friday,14,April,Apr,4,2,2021
20210403,3/4/2021,Saturday,14,April,Apr,4,2,2021
20210404,4/4/2021,Sunday,15,April,Apr,4,2,2021
20210405,5/4/2021,Monday,15,April,Apr,4,2,2021
20210406,6/4/2021,Tuesday,15,April,Apr,4,2,2021
20210407,7/4/2021,Wednesday,15,April,Apr,4,2,2021
20210408,8/4/2021,Thursday,15,April,Apr,4,2,2021
20210409,9/4/2021,Friday,15,April,Apr,4,2,2021
20210410,10/4/2021,Saturday,15,April,Apr,4,2,2021
20210411,11/4/2021,Sunday,16,April,Apr,4,2,2021
20210412,12/4/2021,Monday,16,April,Apr,4,2,2021
20210413,13/4/2021,Tuesday,16,April,Apr,4,2,2021
20210414,14/4/2021,Wednesday,16,April,Apr,4,2,2021
20210415,15/4/2021,Thursday,16,April,Apr,4,2,2021
20210416,16/4/2021,Friday,16,April,Apr,4,2,2021
20210417,17/4/2021,Saturday,16,April,Apr,4,2,2021
20210418,18/4/2021,Sunday,17,April,Apr,4,2,2021
20210419,19/4/2021,Monday,17,April,Apr,4,2,2021
20210420,20/4/2021,Tuesday,17,April,Apr,4,2,2021
20210421,21/4/2021,Wednesday,17,April,Apr,4,2,2021
20210422,22/4/2021,Thursday,17,April,Apr,4,2,2021
20210423,23/4/2021,Friday,17,April,Apr,4,2,2021
20210424,24/4/2021,Saturday,17,April,Apr,4,2,2021
20210425,25/4/2021,Sunday,18,April,Apr,4,2,2021
20210426,26/4/2021,Monday,18,April,Apr,4,2,2021
20210427,27/4/2021,Tuesday,18,April,Apr,4,2,2021
20210428,28/4/2021,Wednesday,18,April,Apr,4,2,2021
20210429,29/4/2021,Thursday,18,April,Apr,4,2,2021
20210430,30/4/2021,Friday,18,April,Apr,4,2,2021
20210501,1/5/2021,Saturday,18,May,May,5,2,2021
20210502,2/5/2021,Sunday,19,May,May,5,2,2021
20210503,3/5/2021,Monday,19,May,May,5,2,2021
20210504,4/5/2021,Tuesday,19,May,May,5,2,2021
20210505,5/5/2021,Wednesday,19,May,May,5,2,2021
20210506,6/5/2021,Thursday,19,May,May,5,2,2021
20210507,7/5/2021,Friday,19,May,May,5,2,2021
20210508,8/5/2021,Saturday,19,May,May,5,2,2021
20210509,9/5/2021,Sunday,20,May,May,5,2,2021
20210510,10/5/2021,Monday,20,May,May,5,2,2021
20210511,11/5/2021,Tuesday,20,May,May,5,2,2021
20210512,12/5/2021,Wednesday,20,May,May,5,2,2021
20210513,13/5/2021,Thursday,20,May,May,5,2,2021
20210514,14/5/2021,Friday,20,May,May,5,2,2021
20210515,15/5/2021,Saturday,20,May,May,5,2,2021
20210516,16/5/2021,Sunday,21,May,May,5,2,2021
20210517,17/5/2021,Monday,21,May,May,5,2,2021
20210518,18/5/2021,Tuesday,21,May,May,5,2,2021
20210519,19/5/2021,Wednesday,21,May,May,5,2,2021
20210520,20/5/2021,Thursday,21,May,May,5,2,2021
20210521,21/5/2021,Friday,21,May,May,5,2,2021
20210522,22/5/2021,Saturday,21,May,May,5,2,2021
20210523,23/5/2021,Sunday,22,May,May,5,2,2021
20210524,24/5/2021,Monday,22,May,May,5,2,2021
20210525,25/5/2021,Tuesday,22,May,May,5,2,2021
20210526,26/5/2021,Wednesday,22,May,May,5,2,2021
20210527,27/5/2021,Thursday,22,May,May,5,2,2021
20210528,28/5/2021,Friday,22,May,May,5,2,2021
20210529,29/5/2021,Saturday,22,May,May,5,2,2021
20210530,30/5/2021,Sunday,23,May,May,5,2,2021
20210531,31/5/2021,Monday,23,May,May,5,2,2021
20210601,1/6/2021,Tuesday,23,June,Jun,6,2,2021
20210602,2/6/2021,Wednesday,23,June,Jun,6,2,2021
20210603,3/6/2021,Thursday,23,June,Jun,6,2,2021
20210604,4/6/2021,Friday,23,June,Jun,6,2,2021
20210605,5/6/2021,Saturday,23,June,Jun,6,2,2021
20210606,6/6/2021,Sunday,24,June,Jun,6,2,2021
20210607,7/6/2021,Monday,24,June,Jun,6,2,2021
20210608,8/6/2021,Tuesday,24,June,Jun,6,2,2021
20210609,9/6/2021,Wednesday,24,June,Jun,6,2,2021
20210610,10/6/2021,Thursday,24,June,Jun,6,2,2021
20210611,11/6/2021,Friday,24,June,Jun,6,2,2021
20210612,12/6/2021,Saturday,24,June,Jun,6,2,2021
20210613,13/6/2021,Sunday,25,June,Jun,6,2,2021
20210614,14/6/2021,Monday,25,June,Jun,6,2,2021
20210615,15/6/2021,Tuesday,25,June,Jun,6,2,2021
20210616,16/6/2021,Wednesday,25,June,Jun,6,2,2021
20210617,17/6/2021,Thursday,25,June,Jun,6,2,2021
20210618,18/6/2021,Friday,25,June,Jun,6,2,2021
20210619,19/6/2021,Saturday,25,June,Jun,6,2,2021
20210620,20/6/2021,Sunday,26,June,Jun,6,2,2021
20210621,21/6/2021,Monday,26,June,Jun,6,2,2021
20210622,22/6/2021,Tuesday,26,June,Jun,6,2,2021
20210623,23/6/2021,Wednesday,26,June,Jun,6,2,2021
20210624,24/6/2021,Thursday,26,June,Jun,6,2,2021
20210625,25/6/2021,Friday,26,June,Jun,6,2,2021
20210626,26/6/2021,Saturday,26,June,Jun,6,2,2021
20210627,27/6/2021,Sunday,27,June,Jun,6,2,2021
20210628,28/6/2021,Monday,27,June,Jun,6,2,2021
20210629,29/6/2021,Tuesday,27,June,Jun,6,2,2021
20210630,30/6/2021,Wednesday,27,June,Jun,6,2,2021
20210701,1/7/2021,Thursday,27,July,Jul,7,3,2021
20210702,2/7/2021,Friday,27,July,Jul,7,3,2021
20210703,3/7/2021,Saturday,27,July,Jul,7,3,2021
20210704,4/7/2021,Sunday,28,July,Jul,7,3,2021
20210705,5/7/2021,Monday,28,July,Jul,7,3,2021
20210706,6/7/2021,Tuesday,28,July,Jul,7,3,2021
20210707,7/7/2021,Wednesday,28,July,Jul,7,3,2021
20210708,8/7/2021,Thursday,28,July,Jul,7,3,2021
20210709,9/7/2021,Friday,28,July,Jul,7,3,2021
20210710,10/7/2021,Saturday,28,July,Jul,7,3,2021
20210711,11/7/2021,Sunday,29,July,Jul,7,3,2021
20210712,12/7/2021,Monday,29,July,Jul,7,3,2021
20210713,13/7/2021,Tuesday,29,July,Jul,7,3,2021
20210714,14/7/2021,Wednesday,29,July,Jul,7,3,2021
20210715,15/7/2021,Thursday,29,July,Jul,7,3,2021
20210716,16/7/2021,Friday,29,July,Jul,7,3,2021
20210717,17/7/2021,Saturday,29,July,Jul,7,3,2021
20210718,18/7/2021,Sunday,30,July,Jul,7,3,2021
20210719,19/7/2021,Monday,30,July,Jul,7,3,2021
20210720,20/7/2021,Tuesday,30,July,Jul,7,3,2021
20210721,21/7/2021,Wednesday,30,July,Jul,7,3,2021
20210722,22/7/2021,Thursday,30,July,Jul,7,3,2021
20210723,23/7/2021,Friday,30,July,Jul,7,3,2021
20210724,24/7/2021,Saturday,30,July,Jul,7,3,2021
20210725,25/7/2021,Sunday,31,July,Jul,7,3,2021
20210726,26/7/2021,Monday,31,July,Jul,7,3,2021
20210727,27/7/2021,Tuesday,31,July,Jul,7,3,2021
20210728,28/7/2021,Wednesday,31,July,Jul,7,3,2021
20210729,29/7/2021,Thursday,31,July,Jul,7,3,2021
20210730,30/7/2021,Friday,31,July,Jul,7,3,2021
20210731,31/7/2021,Saturday,31,July,Jul,7,3,2021
20210801,1/8/2021,Sunday,32,August,Aug,8,3,2021
20210802,2/8/2021,Monday,32,August,Aug,8,3,2021
20210803,3/8/2021,Tuesday,32,August,Aug,8,3,2021
20210804,4/8/2021,Wednesday,32,August,Aug,8,3,2021
20210805,5/8/2021,Thursday,32,August,Aug,8,3,2021
20210806,6/8/2021,Friday,32,August,Aug,8,3,2021
20210807,7/8/2021,Saturday,32,August,Aug,8,3,2021
20210808,8/8/2021,Sunday,33,August,Aug,8,3,2021
20210809,9/8/2021,Monday,33,August,Aug,8,3,2021
20210810,10/8/2021,Tuesday,33,August,Aug,8,3,2021
20210811,11/8/2021,Wednesday,33,August,Aug,8,3,2021
20210812,12/8/2021,Thursday,33,August,Aug,8,3,2021
20210813,13/8/2021,Friday,33,August,Aug,8,3,2021
20210814,14/8/2021,Saturday,33,August,Aug,8,3,2021
20210815,15/8/2021,Sunday,34,August,Aug,8,3,2021
20210816,16/8/2021,Monday,34,August,Aug,8,3,2021
20210817,17/8/2021,Tuesday,34,August,Aug,8,3,2021
20210818,18/8/2021,Wednesday,34,August,Aug,8,3,2021
20210819,19/8/2021,Thursday,34,August,Aug,8,3,2021
20210820,20/8/2021,Friday,34,August,Aug,8,3,2021
20210821,21/8/2021,Saturday,34,August,Aug,8,3,2021
20210822,22/8/2021,Sunday,35,August,Aug,8,3,2021
20210823,23/8/2021,Monday,35,August,Aug,8,3,2021
20210824,24/8/2021,Tuesday,35,August,Aug,8,3,2021
20210825,25/8/2021,Wednesday,35,August,Aug,8,3,2021
20210826,26/8/2021,Thursday,35,August,Aug,8,3,2021
20210827,27/8/2021,Friday,35,August,Aug,8,3,2021
20210828,28/8/2021,Saturday,35,August,Aug,8,3,2021
20210829,29/8/2021,Sunday,36,August,Aug,8,3,2021
20210830,30/8/2021,Monday,36,August,Aug,8,3,2021
20210831,31/8/2021,Tuesday,36,August,Aug,8,3,2021
20210901,1/9/2021,Wednesday,36,September,Sep,9,3,2021
20210902,2/9/2021,Thursday,36,September,Sep,9,3,2021
20210903,3/9/2021,Friday,36,September,Sep,9,3,2021
20210904,4/9/2021,Saturday,36,September,Sep,9,3,2021
20210905,5/9/2021,Sunday,37,September,Sep,9,3,2021
20210906,6/9/2021,Monday,37,September,Sep,9,3,2021
20210907,7/9/2021,Tuesday,37,September,Sep,9,3,2021
20210908,8/9/2021,Wednesday,37,September,Sep,9,3,2021
20210909,9/9/2021,Thursday,37,September,Sep,9,3,2021
20210910,10/9/2021,Friday,37,September,Sep,9,3,2021
20210911,11/9/2021,Saturday,37,September,Sep,9,3,2021
20210912,12/9/2021,Sunday,38,September,Sep,9,3,2021
20210913,13/9/2021,Monday,38,September,Sep,9,3,2021
20210914,14/9/2021,Tuesday,38,September,Sep,9,3,2021
20210915,15/9/2021,Wednesday,38,September,Sep,9,3,2021
20210916,16/9/2021,Thursday,38,September,Sep,9,3,2021
20210917,17/9/2021,Friday,38,September,Sep,9,3,2021
20210918,18/9/2021,Saturday,38,September,Sep,9,3,2021
20210919,19/9/2021,Sunday,39,September,Sep,9,3,2021
20210920,20/9/2021,Monday,39,September,Sep,9,3,2021
20210921,21/9/2021,Tuesday,39,September,Sep,9,3,2021
20210922,22/9/2021,Wednesday,39,September,Sep,9,3,2021
20210923,23/9/2021,Thursday,39,September,Sep,9,3,2021
20210924,24/9/2021,Friday,39,September,Sep,9,3,2021
20210925,25/9/2021,Saturday,39,September,Sep,9,3,2021
20210926,26/9/2021,Sunday,40,September,Sep,9,3,2021
20210927,27/9/2021,Monday,40,September,Sep,9,3,2021
20210928,28/9/2021,Tuesday,40,September,Sep,9,3,2021
20210929,29/9/2021,Wednesday,40,September,Sep,9,3,2021
20210930,30/9/2021,Thursday,40,September,Sep,9,3,2021
20211001,1/10/2021,Friday,40,October,Oct,10,4,2021
20211002,2/10/2021,Saturday,40,October,Oct,10,4,2021
20211003,3/10/2021,Sunday,41,October,Oct,10,4,2021
20211004,4/10/2021,Monday,41,October,Oct,10,4,2021
20211005,5/10/2021,Tuesday,41,October,Oct,10,4,2021
20211006,6/10/2021,Wednesday,41,October,Oct,10,4,2021
20211007,7/10/2021,Thursday,41,October,Oct,10,4,2021
20211008,8/10/2021,Friday,41,October,Oct,10,4,2021
20211009,9/10/2021,Saturday,41,October,Oct,10,4,2021
20211010,10/10/2021,Sunday,42,October,Oct,10,4,2021
20211011,11/10/2021,Monday,42,October,Oct,10,4,2021
20211012,12/10/2021,Tuesday,42,October,Oct,10,4,2021
20211013,13/10/2021,Wednesday,42,October,Oct,10,4,2021
20211014,14/10/2021,Thursday,42,October,Oct,10,4,2021
20211015,15/10/2021,Friday,42,October,Oct,10,4,2021
20211016,16/10/2021,Saturday,42,October,Oct,10,4,2021
20211017,17/10/2021,Sunday,43,October,Oct,10,4,2021
20211018,18/10/2021,Monday,43,October,Oct,10,4,2021
20211019,19/10/2021,Tuesday,43,October,Oct,10,4,2021
20211020,20/10/2021,Wednesday,43,October,Oct,10,4,2021
20211021,21/10/2021,Thursday,43,October,Oct,10,4,2021
20211022,22/10/2021,Friday,43,October,Oct,10,4,2021
20211023,23/10/2021,Saturday,43,October,Oct,10,4,2021
20211024,24/10/2021,Sunday,44,October,Oct,10,4,2021
20211025,25/10/2021,Monday,44,October,Oct,10,4,2021
20211026,26/10/2021,Tuesday,44,October,Oct,10,4,2021
20211027,27/10/2021,Wednesday,44,October,Oct,10,4,2021
20211028,28/10/2021,Thursday,44,October,Oct,10,4,2021
20211029,29/10/2021,Friday,44,October,Oct,10,4,2021
20211030,30/10/2021,Saturday,44,October,Oct,10,4,2021
20211031,31/10/2021,Sunday,45,October,Oct,10,4,2021
20211101,1/11/2021,Monday,45,November,Nov,11,4,2021
20211102,2/11/2021,Tuesday,45,November,Nov,11,4,2021
20211103,3/11/2021,Wednesday,45,November,Nov,11,4,2021
20211104,4/11/2021,Thursday,45,November,Nov,11,4,2021
20211105,5/11/2021,Friday,45,November,Nov,11,4,2021
20211106,6/11/2021,Saturday,45,November,Nov,11,4,2021
20211107,7/11/2021,Sunday,46,November,Nov,11,4,2021
20211108,8/11/2021,Monday,46,November,Nov,11,4,2021
20211109,9/11/2021,Tuesday,46,November,Nov,11,4,2021
20211110,10/11/2021,Wednesday,46,November,Nov,11,4,2021
20211111,11/11/2021,Thursday,46,November,Nov,11,4,2021
20211112,12/11/2021,Friday,46,November,Nov,11,4,2021
20211113,13/11/2021,Saturday,46,November,Nov,11,4,2021
20211114,14/11/2021,Sunday,47,November,Nov,11,4,2021
20211115,15/11/2021,Monday,47,November,Nov,11,4,2021
20211116,16/11/2021,Tuesday,47,November,Nov,11,4,2021
20211117,17/11/2021,Wednesday,47,November,Nov,11,4,2021
20211118,18/11/2021,Thursday,47,November,Nov,11,4,2021
20211119,19/11/2021,Friday,47,November,Nov,11,4,2021
20211120,20/11/2021,Saturday,47,November,Nov,11,4,2021
20211121,21/11/2021,Sunday,48,November,Nov,11,4,2021
20211122,22/11/2021,Monday,48,November,Nov,11,4,2021
20211123,23/11/2021,Tuesday,48,November,Nov,11,4,2021
20211124,24/11/2021,Wednesday,48,November,Nov,11,4,2021
20211125,25/11/2021,Thursday,48,November,Nov,11,4,2021
20211126,26/11/2021,Friday,48,November,Nov,11,4,2021
20211127,27/11/2021,Saturday,48,November,Nov,11,4,2021
20211128,28/11/2021,Sunday,49,November,Nov,11,4,2021
20211129,29/11/2021,Monday,49,November,Nov,11,4,2021
20211130,30/11/2021,Tuesday,49,November,Nov,11,4,2021
20211201,1/12/2021,Wednesday,49,December,Dec,12,4,2021
20211202,2/12/2021,Thursday,49,December,Dec,12,4,2021
20211203,3/12/2021,Friday,49,December,Dec,12,4,2021
20211204,4/12/2021,Saturday,49,December,Dec,12,4,2021
20211205,5/12/2021,Sunday,50,December,Dec,12,4,2021
20211206,6/12/2021,Monday,50,December,Dec,12,4,2021
20211207,7/12/2021,Tuesday,50,December,Dec,12,4,2021
20211208,8/12/2021,Wednesday,50,December,Dec,12,4,2021
20211209,9/12/2021,Thursday,50,December,Dec,12,4,2021
20211210,10/12/2021,Friday,50,December,Dec,12,4,2021
20211211,11/12/2021,Saturday,50,December,Dec,12,4,2021
20211212,12/12/2021,Sunday,51,December,Dec,12,4,2021
20211213,13/12/2021,Monday,51,December,Dec,12,4,2021
20211214,14/12/2021,Tuesday,51,December,Dec,12,4,2021
20211215,15/12/2021,Wednesday,51,December,Dec,12,4,2021
20211216,16/12/2021,Thursday,51,December,Dec,12,4,2021
20211217,17/12/2021,Friday,51,December,Dec,12,4,2021
20211218,18/12/2021,Saturday,51,December,Dec,12,4,2021
20211219,19/12/2021,Sunday,52,December,Dec,12,4,2021
20211220,20/12/2021,Monday,52,December,Dec,12,4,2021
20211221,21/12/2021,Tuesday,52,December,Dec,12,4,2021
20211222,22/12/2021,Wednesday,52,December,Dec,12,4,2021
20211223,23/12/2021,Thursday,52,December,Dec,12,4,2021
20211224,24/12/2021,Friday,52,December,Dec,12,4,2021
20211225,25/12/2021,Saturday,52,December,Dec,12,4,2021
20211226,26/12/2021,Sunday,53,December,Dec,12,4,2021
20211227,27/12/2021,Monday,53,December,Dec,12,4,2021
20211228,28/12/2021,Tuesday,53,December,Dec,12,4,2021
20211229,29/12/2021,Wednesday,53,December,Dec,12,4,2021
20211230,30/12/2021,Thursday,53,December,Dec,12,4,2021
20211231,31/12/2021,Friday,53,December,Dec,12,4,2021
20220101,1/1/2022,Saturday,1,January,Jan,1,1,2022
20220102,2/1/2022,Sunday,2,January,Jan,1,1,2022
20220103,3/1/2022,Monday,2,January,Jan,1,1,2022
20220104,4/1/2022,Tuesday,2,January,Jan,1,1,2022
20220105,5/1/2022,Wednesday,2,January,Jan,1,1,2022
20220106,6/1/2022,Thursday,2,January,Jan,1,1,2022
20220107,7/1/2022,Friday,2,January,Jan,1,1,2022
20220108,8/1/2022,Saturday,2,January,Jan,1,1,2022
20220109,9/1/2022,Sunday,3,January,Jan,1,1,2022
20220110,10/1/2022,Monday,3,January,Jan,1,1,2022
20220111,11/1/2022,Tuesday,3,January,Jan,1,1,2022
20220112,12/1/2022,Wednesday,3,January,Jan,1,1,2022
20220113,13/1/2022,Thursday,3,January,Jan,1,1,2022
20220114,14/1/2022,Friday,3,January,Jan,1,1,2022
20220115,15/1/2022,Saturday,3,January,Jan,1,1,2022
20220116,16/1/2022,Sunday,4,January,Jan,1,1,2022
20220117,17/1/2022,Monday,4,January,Jan,1,1,2022
20220118,18/1/2022,Tuesday,4,January,Jan,1,1,2022
20220119,19/1/2022,Wednesday,4,January,Jan,1,1,2022
20220120,20/1/2022,Thursday,4,January,Jan,1,1,2022
20220121,21/1/2022,Friday,4,January,Jan,1,1,2022
20220122,22/1/2022,Saturday,4,January,Jan,1,1,2022
20220123,23/1/2022,Sunday,5,January,Jan,1,1,2022
20220124,24/1/2022,Monday,5,January,Jan,1,1,2022
20220125,25/1/2022,Tuesday,5,January,Jan,1,1,2022
20220126,26/1/2022,Wednesday,5,January,Jan,1,1,2022
20220127,27/1/2022,Thursday,5,January,Jan,1,1,2022
20220128,28/1/2022,Friday,5,January,Jan,1,1,2022
20220129,29/1/2022,Saturday,5,January,Jan,1,1,2022
20220130,30/1/2022,Sunday,6,January,Jan,1,1,2022
20220131,31/1/2022,Monday,6,January,Jan,1,1,2022
20220201,1/2/2022,Tuesday,6,February,Feb,2,1,2022
20220202,2/2/2022,Wednesday,6,February,Feb,2,1,2022
20220203,3/2/2022,Thursday,6,February,Feb,2,1,2022
20220204,4/2/2022,Friday,6,February,Feb,2,1,2022
20220205,5/2/2022,Saturday,6,February,Feb,2,1,2022
20220206,6/2/2022,Sunday,7,February,Feb,2,1,2022
20220207,7/2/2022,Monday,7,February,Feb,2,1,2022
20220208,8/2/2022,Tuesday,7,February,Feb,2,1,2022
20220209,9/2/2022,Wednesday,7,February,Feb,2,1,2022
20220210,10/2/2022,Thursday,7,February,Feb,2,1,2022
20220211,11/2/2022,Friday,7,February,Feb,2,1,2022
20220212,12/2/2022,Saturday,7,February,Feb,2,1,2022
20220213,13/2/2022,Sunday,8,February,Feb,2,1,2022
20220214,14/2/2022,Monday,8,February,Feb,2,1,2022
20220215,15/2/2022,Tuesday,8,February,Feb,2,1,2022
20220216,16/2/2022,Wednesday,8,February,Feb,2,1,2022
20220217,17/2/2022,Thursday,8,February,Feb,2,1,2022
20220218,18/2/2022,Friday,8,February,Feb,2,1,2022
20220219,19/2/2022,Saturday,8,February,Feb,2,1,2022
20220220,20/2/2022,Sunday,9,February,Feb,2,1,2022
20220221,21/2/2022,Monday,9,February,Feb,2,1,2022
20220222,22/2/2022,Tuesday,9,February,Feb,2,1,2022
20220223,23/2/2022,Wednesday,9,February,Feb,2,1,2022
20220224,24/2/2022,Thursday,9,February,Feb,2,1,2022
20220225,25/2/2022,Friday,9,February,Feb,2,1,2022
20220226,26/2/2022,Saturday,9,February,Feb,2,1,2022
20220227,27/2/2022,Sunday,10,February,Feb,2,1,2022
20220228,28/2/2022,Monday,10,February,Feb,2,1,2022
20220301,1/3/2022,Tuesday,10,March,Mar,3,1,2022
20220302,2/3/2022,Wednesday,10,March,Mar,3,1,2022
20220303,3/3/2022,Thursday,10,March,Mar,3,1,2022
20220304,4/3/2022,Friday,10,March,Mar,3,1,2022
20220305,5/3/2022,Saturday,10,March,Mar,3,1,2022
20220306,6/3/2022,Sunday,11,March,Mar,3,1,2022
20220307,7/3/2022,Monday,11,March,Mar,3,1,2022
20220308,8/3/2022,Tuesday,11,March,Mar,3,1,2022
20220309,9/3/2022,Wednesday,11,March,Mar,3,1,2022
20220310,10/3/2022,Thursday,11,March,Mar,3,1,2022
20220311,11/3/2022,Friday,11,March,Mar,3,1,2022
20220312,12/3/2022,Saturday,11,March,Mar,3,1,2022
20220313,13/3/2022,Sunday,12,March,Mar,3,1,2022
20220314,14/3/2022,Monday,12,March,Mar,3,1,2022
20220315,15/3/2022,Tuesday,12,March,Mar,3,1,2022
20220316,16/3/2022,Wednesday,12,March,Mar,3,1,2022
20220317,17/3/2022,Thursday,12,March,Mar,3,1,2022
20220318,18/3/2022,Friday,12,March,Mar,3,1,2022
20220319,19/3/2022,Saturday,12,March,Mar,3,1,2022
20220320,20/3/2022,Sunday,13,March,Mar,3,1,2022
20220321,21/3/2022,Monday,13,March,Mar,3,1,2022
20220322,22/3/2022,Tuesday,13,March,Mar,3,1,2022
20220323,23/3/2022,Wednesday,13,March,Mar,3,1,2022
20220324,24/3/2022,Thursday,13,March,Mar,3,1,2022
20220325,25/3/2022,Friday,13,March,Mar,3,1,2022
20220326,26/3/2022,Saturday,13,March,Mar,3,1,2022
20220327,27/3/2022,Sunday,14,March,Mar,3,1,2022
20220328,28/3/2022,Monday,14,March,Mar,3,1,2022
20220329,29/3/2022,Tuesday,14,March,Mar,3,1,2022
20220330,30/3/2022,Wednesday,14,March,Mar,3,1,2022
20220331,31/3/2022,Thursday,14,March,Mar,3,1,2022
20220401,1/4/2022,Friday,14,April,Apr,4,2,2022
20220402,2/4/2022,Saturday,14,April,Apr,4,2,2022
20220403,3/4/2022,Sunday,15,April,Apr,4,2,2022
20220404,4/4/2022,Monday,15,April,Apr,4,2,2022
20220405,5/4/2022,Tuesday,15,April,Apr,4,2,2022
20220406,6/4/2022,Wednesday,15,April,Apr,4,2,2022
20220407,7/4/2022,Thursday,15,April,Apr,4,2,2022
20220408,8/4/2022,Friday,15,April,Apr,4,2,2022
20220409,9/4/2022,Saturday,15,April,Apr,4,2,2022
20220410,10/4/2022,Sunday,16,April,Apr,4,2,2022
20220411,11/4/2022,Monday,16,April,Apr,4,2,2022
20220412,12/4/2022,Tuesday,16,April,Apr,4,2,2022
20220413,13/4/2022,Wednesday,16,April,Apr,4,2,2022
20220414,14/4/2022,Thursday,16,April,Apr,4,2,2022
20220415,15/4/2022,Friday,16,April,Apr,4,2,2022
20220416,16/4/2022,Saturday,16,April,Apr,4,2,2022
20220417,17/4/2022,Sunday,17,April,Apr,4,2,2022
20220418,18/4/2022,Monday,17,April,Apr,4,2,2022
20220419,19/4/2022,Tuesday,17,April,Apr,4,2,2022
20220420,20/4/2022,Wednesday,17,April,Apr,4,2,2022
20220421,21/4/2022,Thursday,17,April,Apr,4,2,2022
20220422,22/4/2022,Friday,17,April,Apr,4,2,2022
20220423,23/4/2022,Saturday,17,April,Apr,4,2,2022
20220424,24/4/2022,Sunday,18,April,Apr,4,2,2022
20220425,25/4/2022,Monday,18,April,Apr,4,2,2022
20220426,26/4/2022,Tuesday,18,April,Apr,4,2,2022
20220427,27/4/2022,Wednesday,18,April,Apr,4,2,2022
20220428,28/4/2022,Thursday,18,April,Apr,4,2,2022
20220429,29/4/2022,Friday,18,April,Apr,4,2,2022
20220430,30/4/2022,Saturday,18,April,Apr,4,2,2022
20220501,1/5/2022,Sunday,19,May,May,5,2,2022
20220502,2/5/2022,Monday,19,May,May,5,2,2022
20220503,3/5/2022,Tuesday,19,May,May,5,2,2022
20220504,4/5/2022,Wednesday,19,May,May,5,2,2022
20220505,5/5/2022,Thursday,19,May,May,5,2,2022
20220506,6/5/2022,Friday,19,May,May,5,2,2022
20220507,7/5/2022,Saturday,19,May,May,5,2,2022
20220508,8/5/2022,Sunday,20,May,May,5,2,2022
20220509,9/5/2022,Monday,20,May,May,5,2,2022
20220510,10/5/2022,Tuesday,20,May,May,5,2,2022
20220511,11/5/2022,Wednesday,20,May,May,5,2,2022
20220512,12/5/2022,Thursday,20,May,May,5,2,2022
20220513,13/5/2022,Friday,20,May,May,5,2,2022
20220514,14/5/2022,Saturday,20,May,May,5,2,2022
20220515,15/5/2022,Sunday,21,May,May,5,2,2022
20220516,16/5/2022,Monday,21,May,May,5,2,2022
20220517,17/5/2022,Tuesday,21,May,May,5,2,2022
20220518,18/5/2022,Wednesday,21,May,May,5,2,2022
20220519,19/5/2022,Thursday,21,May,May,5,2,2022
20220520,20/5/2022,Friday,21,May,May,5,2,2022
20220521,21/5/2022,Saturday,21,May,May,5,2,2022
20220522,22/5/2022,Sunday,22,May,May,5,2,2022
20220523,23/5/2022,Monday,22,May,May,5,2,2022
20220524,24/5/2022,Tuesday,22,May,May,5,2,2022
20220525,25/5/2022,Wednesday,22,May,May,5,2,2022
20220526,26/5/2022,Thursday,22,May,May,5,2,2022
20220527,27/5/2022,Friday,22,May,May,5,2,2022
20220528,28/5/2022,Saturday,22,May,May,5,2,2022
20220529,29/5/2022,Sunday,23,May,May,5,2,2022
20220530,30/5/2022,Monday,23,May,May,5,2,2022
20220531,31/5/2022,Tuesday,23,May,May,5,2,2022
20220601,1/6/2022,Wednesday,23,June,Jun,6,2,2022
20220602,2/6/2022,Thursday,23,June,Jun,6,2,2022
20220603,3/6/2022,Friday,23,June,Jun,6,2,2022
20220604,4/6/2022,Saturday,23,June,Jun,6,2,2022
20220605,5/6/2022,Sunday,24,June,Jun,6,2,2022
20220606,6/6/2022,Monday,24,June,Jun,6,2,2022
20220607,7/6/2022,Tuesday,24,June,Jun,6,2,2022
20220608,8/6/2022,Wednesday,24,June,Jun,6,2,2022
20220609,9/6/2022,Thursday,24,June,Jun,6,2,2022
20220610,10/6/2022,Friday,24,June,Jun,6,2,2022
20220611,11/6/2022,Saturday,24,June,Jun,6,2,2022
20220612,12/6/2022,Sunday,25,June,Jun,6,2,2022
20220613,13/6/2022,Monday,25,June,Jun,6,2,2022
20220614,14/6/2022,Tuesday,25,June,Jun,6,2,2022
20220615,15/6/2022,Wednesday,25,June,Jun,6,2,2022
20220616,16/6/2022,Thursday,25,June,Jun,6,2,2022
20220617,17/6/2022,Friday,25,June,Jun,6,2,2022
20220618,18/6/2022,Saturday,25,June,Jun,6,2,2022
20220619,19/6/2022,Sunday,26,June,Jun,6,2,2022
20220620,20/6/2022,Monday,26,June,Jun,6,2,2022
20220621,21/6/2022,Tuesday,26,June,Jun,6,2,2022
20220622,22/6/2022,Wednesday,26,June,Jun,6,2,2022
20220623,23/6/2022,Thursday,26,June,Jun,6,2,2022
20220624,24/6/2022,Friday,26,June,Jun,6,2,2022
20220625,25/6/2022,Saturday,26,June,Jun,6,2,2022
20220626,26/6/2022,Sunday,27,June,Jun,6,2,2022
20220627,27/6/2022,Monday,27,June,Jun,6,2,2022
20220628,28/6/2022,Tuesday,27,June,Jun,6,2,2022
20220629,29/6/2022,Wednesday,27,June,Jun,6,2,2022
20220630,30/6/2022,Thursday,27,June,Jun,6,2,2022
20220701,1/7/2022,Friday,27,July,Jul,7,3,2022
20220702,2/7/2022,Saturday,27,July,Jul,7,3,2022
20220703,3/7/2022,Sunday,28,July,Jul,7,3,2022
20220704,4/7/2022,Monday,28,July,Jul,7,3,2022
20220705,5/7/2022,Tuesday,28,July,Jul,7,3,2022
20220706,6/7/2022,Wednesday,28,July,Jul,7,3,2022
20220707,7/7/2022,Thursday,28,July,Jul,7,3,2022
20220708,8/7/2022,Friday,28,July,Jul,7,3,2022
20220709,9/7/2022,Saturday,28,July,Jul,7,3,2022
20220710,10/7/2022,Sunday,29,July,Jul,7,3,2022
20220711,11/7/2022,Monday,29,July,Jul,7,3,2022
20220712,12/7/2022,Tuesday,29,July,Jul,7,3,2022
20220713,13/7/2022,Wednesday,29,July,Jul,7,3,2022
20220714,14/7/2022,Thursday,29,July,Jul,7,3,2022
20220715,15/7/2022,Friday,29,July,Jul,7,3,2022
20220716,16/7/2022,Saturday,29,July,Jul,7,3,2022
20220717,17/7/2022,Sunday,30,July,Jul,7,3,2022
20220718,18/7/2022,Monday,30,July,Jul,7,3,2022
20220719,19/7/2022,Tuesday,30,July,Jul,7,3,2022
20220720,20/7/2022,Wednesday,30,July,Jul,7,3,2022
20220721,21/7/2022,Thursday,30,July,Jul,7,3,2022
20220722,22/7/2022,Friday,30,July,Jul,7,3,2022
20220723,23/7/2022,Saturday,30,July,Jul,7,3,2022
20220724,24/7/2022,Sunday,31,July,Jul,7,3,2022
20220725,25/7/2022,Monday,31,July,Jul,7,3,2022
20220726,26/7/2022,Tuesday,31,July,Jul,7,3,2022
20220727,27/7/2022,Wednesday,31,July,Jul,7,3,2022
20220728,28/7/2022,Thursday,31,July,Jul,7,3,2022
20220729,29/7/2022,Friday,31,July,Jul,7,3,2022
20220730,30/7/2022,Saturday,31,July,Jul,7,3,2022
20220731,31/7/2022,Sunday,32,July,Jul,7,3,2022
20220801,1/8/2022,Monday,32,August,Aug,8,3,2022
20220802,2/8/2022,Tuesday,32,August,Aug,8,3,2022
20220803,3/8/2022,Wednesday,32,August,Aug,8,3,2022
20220804,4/8/2022,Thursday,32,August,Aug,8,3,2022
20220805,5/8/2022,Friday,32,August,Aug,8,3,2022
20220806,6/8/2022,Saturday,32,August,Aug,8,3,2022
20220807,7/8/2022,Sunday,33,August,Aug,8,3,2022
20220808,8/8/2022,Monday,33,August,Aug,8,3,2022
20220809,9/8/2022,Tuesday,33,August,Aug,8,3,2022
20220810,10/8/2022,Wednesday,33,August,Aug,8,3,2022
20220811,11/8/2022,Thursday,33,August,Aug,8,3,2022
20220812,12/8/2022,Friday,33,August,Aug,8,3,2022
20220813,13/8/2022,Saturday,33,August,Aug,8,3,2022
20220814,14/8/2022,Sunday,34,August,Aug,8,3,2022
20220815,15/8/2022,Monday,34,August,Aug,8,3,2022
20220816,16/8/2022,Tuesday,34,August,Aug,8,3,2022
20220817,17/8/2022,Wednesday,34,August,Aug,8,3,2022
20220818,18/8/2022,Thursday,34,August,Aug,8,3,2022
20220819,19/8/2022,Friday,34,August,Aug,8,3,2022
20220820,20/8/2022,Saturday,34,August,Aug,8,3,2022
20220821,21/8/2022,Sunday,35,August,Aug,8,3,2022
20220822,22/8/2022,Monday,35,August,Aug,8,3,2022
20220823,23/8/2022,Tuesday,35,August,Aug,8,3,2022
20220824,24/8/2022,Wednesday,35,August,Aug,8,3,2022
20220825,25/8/2022,Thursday,35,August,Aug,8,3,2022
20220826,26/8/2022,Friday,35,August,Aug,8,3,2022
20220827,27/8/2022,Saturday,35,August,Aug,8,3,2022
20220828,28/8/2022,Sunday,36,August,Aug,8,3,2022
20220829,29/8/2022,Monday,36,August,Aug,8,3,2022
20220830,30/8/2022,Tuesday,36,August,Aug,8,3,2022
20220831,31/8/2022,Wednesday,36,August,Aug,8,3,2022
20220901,1/9/2022,Thursday,36,September,Sep,9,3,2022
20220902,2/9/2022,Friday,36,September,Sep,9,3,2022
20220903,3/9/2022,Saturday,36,September,Sep,9,3,2022
20220904,4/9/2022,Sunday,37,September,Sep,9,3,2022
20220905,5/9/2022,Monday,37,September,Sep,9,3,2022
20220906,6/9/2022,Tuesday,37,September,Sep,9,3,2022
20220907,7/9/2022,Wednesday,37,September,Sep,9,3,2022
20220908,8/9/2022,Thursday,37,September,Sep,9,3,2022
20220909,9/9/2022,Friday,37,September,Sep,9,3,2022
20220910,10/9/2022,Saturday,37,September,Sep,9,3,2022
20220911,11/9/2022,Sunday,38,September,Sep,9,3,2022
20220912,12/9/2022,Monday,38,September,Sep,9,3,2022
20220913,13/9/2022,Tuesday,38,September,Sep,9,3,2022
20220914,14/9/2022,Wednesday,38,September,Sep,9,3,2022
20220915,15/9/2022,Thursday,38,September,Sep,9,3,2022
20220916,16/9/2022,Friday,38,September,Sep,9,3,2022
20220917,17/9/2022,Saturday,38,September,Sep,9,3,2022
20220918,18/9/2022,Sunday,39,September,Sep,9,3,2022
20220919,19/9/2022,Monday,39,September,Sep,9,3,2022
20220920,20/9/2022,Tuesday,39,September,Sep,9,3,2022
20220921,21/9/2022,Wednesday,39,September,Sep,9,3,2022
20220922,22/9/2022,Thursday,39,September,Sep,9,3,2022
20220923,23/9/2022,Friday,39,September,Sep,9,3,2022
20220924,24/9/2022,Saturday,39,September,Sep,9,3,2022
20220925,25/9/2022,Sunday,40,September,Sep,9,3,2022
20220926,26/9/2022,Monday,40,September,Sep,9,3,2022
20220927,27/9/2022,Tuesday,40,September,Sep,9,3,2022
20220928,28/9/2022,Wednesday,40,September,Sep,9,3,2022
20220929,29/9/2022,Thursday,40,September,Sep,9,3,2022
20220930,30/9/2022,Friday,40,September,Sep,9,3,2022
20221001,1/10/2022,Saturday,40,October,Oct,10,4,2022
20221002,2/10/2022,Sunday,41,October,Oct,10,4,2022
20221003,3/10/2022,Monday,41,October,Oct,10,4,2022
20221004,4/10/2022,Tuesday,41,October,Oct,10,4,2022
20221005,5/10/2022,Wednesday,41,October,Oct,10,4,2022
20221006,6/10/2022,Thursday,41,October,Oct,10,4,2022
20221007,7/10/2022,Friday,41,October,Oct,10,4,2022
20221008,8/10/2022,Saturday,41,October,Oct,10,4,2022
20221009,9/10/2022,Sunday,42,October,Oct,10,4,2022
20221010,10/10/2022,Monday,42,October,Oct,10,4,2022
20221011,11/10/2022,Tuesday,42,October,Oct,10,4,2022
20221012,12/10/2022,Wednesday,42,October,Oct,10,4,2022
20221013,13/10/2022,Thursday,42,October,Oct,10,4,2022
20221014,14/10/2022,Friday,42,October,Oct,10,4,2022
20221015,15/10/2022,Saturday,42,October,Oct,10,4,2022
20221016,16/10/2022,Sunday,43,October,Oct,10,4,2022
20221017,17/10/2022,Monday,43,October,Oct,10,4,2022
20221018,18/10/2022,Tuesday,43,October,Oct,10,4,2022
20221019,19/10/2022,Wednesday,43,October,Oct,10,4,2022
20221020,20/10/2022,Thursday,43,October,Oct,10,4,2022
20221021,21/10/2022,Friday,43,October,Oct,10,4,2022
20221022,22/10/2022,Saturday,43,October,Oct,10,4,2022
20221023,23/10/2022,Sunday,44,October,Oct,10,4,2022
20221024,24/10/2022,Monday,44,October,Oct,10,4,2022
20221025,25/10/2022,Tuesday,44,October,Oct,10,4,2022
20221026,26/10/2022,Wednesday,44,October,Oct,10,4,2022
20221027,27/10/2022,Thursday,44,October,Oct,10,4,2022
20221028,28/10/2022,Friday,44,October,Oct,10,4,2022
20221029,29/10/2022,Saturday,44,October,Oct,10,4,2022
20221030,30/10/2022,Sunday,45,October,Oct,10,4,2022
20221031,31/10/2022,Monday,45,October,Oct,10,4,2022
20221101,1/11/2022,Tuesday,45,November,Nov,11,4,2022
20221102,2/11/2022,Wednesday,45,November,Nov,11,4,2022
20221103,3/11/2022,Thursday,45,November,Nov,11,4,2022
20221104,4/11/2022,Friday,45,November,Nov,11,4,2022
20221105,5/11/2022,Saturday,45,November,Nov,11,4,2022
20221106,6/11/2022,Sunday,46,November,Nov,11,4,2022
20221107,7/11/2022,Monday,46,November,Nov,11,4,2022
20221108,8/11/2022,Tuesday,46,November,Nov,11,4,2022
20221109,9/11/2022,Wednesday,46,November,Nov,11,4,2022
20221110,10/11/2022,Thursday,46,November,Nov,11,4,2022
20221111,11/11/2022,Friday,46,November,Nov,11,4,2022
20221112,12/11/2022,Saturday,46,November,Nov,11,4,2022
20221113,13/11/2022,Sunday,47,November,Nov,11,4,2022
20221114,14/11/2022,Monday,47,November,Nov,11,4,2022
20221115,15/11/2022,Tuesday,47,November,Nov,11,4,2022
20221116,16/11/2022,Wednesday,47,November,Nov,11,4,2022
20221117,17/11/2022,Thursday,47,November,Nov,11,4,2022
20221118,18/11/2022,Friday,47,November,Nov,11,4,2022
20221119,19/11/2022,Saturday,47,November,Nov,11,4,2022
20221120,20/11/2022,Sunday,48,November,Nov,11,4,2022
20221121,21/11/2022,Monday,48,November,Nov,11,4,2022
20221122,22/11/2022,Tuesday,48,November,Nov,11,4,2022
20221123,23/11/2022,Wednesday,48,November,Nov,11,4,2022
20221124,24/11/2022,Thursday,48,November,Nov,11,4,2022
20221125,25/11/2022,Friday,48,November,Nov,11,4,2022
20221126,26/11/2022,Saturday,48,November,Nov,11,4,2022
20221127,27/11/2022,Sunday,49,November,Nov,11,4,2022
20221128,28/11/2022,Monday,49,November,Nov,11,4,2022
20221129,29/11/2022,Tuesday,49,November,Nov,11,4,2022
20221130,30/11/2022,Wednesday,49,November,Nov,11,4,2022
20221201,1/12/2022,Thursday,49,December,Dec,12,4,2022
20221202,2/12/2022,Friday,49,December,Dec,12,4,2022
20221203,3/12/2022,Saturday,49,December,Dec,12,4,2022
20221204,4/12/2022,Sunday,50,December,Dec,12,4,2022
20221205,5/12/2022,Monday,50,December,Dec,12,4,2022
20221206,6/12/2022,Tuesday,50,December,Dec,12,4,2022
20221207,7/12/2022,Wednesday,50,December,Dec,12,4,2022
20221208,8/12/2022,Thursday,50,December,Dec,12,4,2022
20221209,9/12/2022,Friday,50,December,Dec,12,4,2022
20221210,10/12/2022,Saturday,50,December,Dec,12,4,2022
20221211,11/12/2022,Sunday,51,December,Dec,12,4,2022
20221212,12/12/2022,Monday,51,December,Dec,12,4,2022
20221213,13/12/2022,Tuesday,51,December,Dec,12,4,2022
20221214,14/12/2022,Wednesday,51,December,Dec,12,4,2022
20221215,15/12/2022,Thursday,51,December,Dec,12,4,2022
20221216,16/12/2022,Friday,51,December,Dec,12,4,2022
20221217,17/12/2022,Saturday,51,December,Dec,12,4,2022
20221218,18/12/2022,Sunday,52,December,Dec,12,4,2022
20221219,19/12/2022,Monday,52,December,Dec,12,4,2022
20221220,20/12/2022,Tuesday,52,December,Dec,12,4,2022
20221221,21/12/2022,Wednesday,52,December,Dec,12,4,2022
20221222,22/12/2022,Thursday,52,December,Dec,12,4,2022
20221223,23/12/2022,Friday,52,December,Dec,12,4,2022
20221224,24/12/2022,Saturday,52,December,Dec,12,4,2022
20221225,25/12/2022,Sunday,53,December,Dec,12,4,2022
20221226,26/12/2022,Monday,53,December,Dec,12,4,2022
20221227,27/12/2022,Tuesday,53,December,Dec,12,4,2022
20221228,28/12/2022,Wednesday,53,December,Dec,12,4,2022
20221229,29/12/2022,Thursday,53,December,Dec,12,4,2022
20221230,30/12/2022,Friday,53,December,Dec,12,4,2022
20221231,31/12/2022,Saturday,53,December,Dec,12,4,2022
20230101,1/1/2023,Sunday,1,January,Jan,1,1,2023
20230102,2/1/2023,Monday,1,January,Jan,1,1,2023
20230103,3/1/2023,Tuesday,1,January,Jan,1,1,2023
20230104,4/1/2023,Wednesday,1,January,Jan,1,1,2023
20230105,5/1/2023,Thursday,1,January,Jan,1,1,2023
20230106,6/1/2023,Friday,1,January,Jan,1,1,2023
20230107,7/1/2023,Saturday,1,January,Jan,1,1,2023
20230108,8/1/2023,Sunday,2,January,Jan,1,1,2023
20230109,9/1/2023,Monday,2,January,Jan,1,1,2023
20230110,10/1/2023,Tuesday,2,January,Jan,1,1,2023
20230111,11/1/2023,Wednesday,2,January,Jan,1,1,2023
20230112,12/1/2023,Thursday,2,January,Jan,1,1,2023
20230113,13/1/2023,Friday,2,January,Jan,1,1,2023
20230114,14/1/2023,Saturday,2,January,Jan,1,1,2023
20230115,15/1/2023,Sunday,3,January,Jan,1,1,2023
20230116,16/1/2023,Monday,3,January,Jan,1,1,2023
20230117,17/1/2023,Tuesday,3,January,Jan,1,1,2023
20230118,18/1/2023,Wednesday,3,January,Jan,1,1,2023
20230119,19/1/2023,Thursday,3,January,Jan,1,1,2023
20230120,20/1/2023,Friday,3,January,Jan,1,1,2023
20230121,21/1/2023,Saturday,3,January,Jan,1,1,2023
20230122,22/1/2023,Sunday,4,January,Jan,1,1,2023
20230123,23/1/2023,Monday,4,January,Jan,1,1,2023
20230124,24/1/2023,Tuesday,4,January,Jan,1,1,2023
20230125,25/1/2023,Wednesday,4,January,Jan,1,1,2023
20230126,26/1/2023,Thursday,4,January,Jan,1,1,2023
20230127,27/1/2023,Friday,4,January,Jan,1,1,2023
20230128,28/1/2023,Saturday,4,January,Jan,1,1,2023
20230129,29/1/2023,Sunday,5,January,Jan,1,1,2023
20230130,30/1/2023,Monday,5,January,Jan,1,1,2023
20230131,31/1/2023,Tuesday,5,January,Jan,1,1,2023
20230201,1/2/2023,Wednesday,5,February,Feb,2,1,2023
20230202,2/2/2023,Thursday,5,February,Feb,2,1,2023
20230203,3/2/2023,Friday,5,February,Feb,2,1,2023
20230204,4/2/2023,Saturday,5,February,Feb,2,1,2023
20230205,5/2/2023,Sunday,6,February,Feb,2,1,2023
20230206,6/2/2023,Monday,6,February,Feb,2,1,2023
20230207,7/2/2023,Tuesday,6,February,Feb,2,1,2023
20230208,8/2/2023,Wednesday,6,February,Feb,2,1,2023
20230209,9/2/2023,Thursday,6,February,Feb,2,1,2023
20230210,10/2/2023,Friday,6,February,Feb,2,1,2023
20230211,11/2/2023,Saturday,6,February,Feb,2,1,2023
20230212,12/2/2023,Sunday,7,February,Feb,2,1,2023
20230213,13/2/2023,Monday,7,February,Feb,2,1,2023
20230214,14/2/2023,Tuesday,7,February,Feb,2,1,2023
20230215,15/2/2023,Wednesday,7,February,Feb,2,1,2023
20230216,16/2/2023,Thursday,7,February,Feb,2,1,2023
20230217,17/2/2023,Friday,7,February,Feb,2,1,2023
20230218,18/2/2023,Saturday,7,February,Feb,2,1,2023
20230219,19/2/2023,Sunday,8,February,Feb,2,1,2023
20230220,20/2/2023,Monday,8,February,Feb,2,1,2023
20230221,21/2/2023,Tuesday,8,February,Feb,2,1,2023
20230222,22/2/2023,Wednesday,8,February,Feb,2,1,2023
20230223,23/2/2023,Thursday,8,February,Feb,2,1,2023
20230224,24/2/2023,Friday,8,February,Feb,2,1,2023
20230225,25/2/2023,Saturday,8,February,Feb,2,1,2023
20230226,26/2/2023,Sunday,9,February,Feb,2,1,2023
20230227,27/2/2023,Monday,9,February,Feb,2,1,2023
20230228,28/2/2023,Tuesday,9,February,Feb,2,1,2023
20230301,1/3/2023,Wednesday,9,March,Mar,3,1,2023
20230302,2/3/2023,Thursday,9,March,Mar,3,1,2023
20230303,3/3/2023,Friday,9,March,Mar,3,1,2023
20230304,4/3/2023,Saturday,9,March,Mar,3,1,2023
20230305,5/3/2023,Sunday,10,March,Mar,3,1,2023
20230306,6/3/2023,Monday,10,March,Mar,3,1,2023
20230307,7/3/2023,Tuesday,10,March,Mar,3,1,2023
20230308,8/3/2023,Wednesday,10,March,Mar,3,1,2023
20230309,9/3/2023,Thursday,10,March,Mar,3,1,2023
20230310,10/3/2023,Friday,10,March,Mar,3,1,2023
20230311,11/3/2023,Saturday,10,March,Mar,3,1,2023
20230312,12/3/2023,Sunday,11,March,Mar,3,1,2023
20230313,13/3/2023,Monday,11,March,Mar,3,1,2023
20230314,14/3/2023,Tuesday,11,March,Mar,3,1,2023
20230315,15/3/2023,Wednesday,11,March,Mar,3,1,2023
20230316,16/3/2023,Thursday,11,March,Mar,3,1,2023
20230317,17/3/2023,Friday,11,March,Mar,3,1,2023
20230318,18/3/2023,Saturday,11,March,Mar,3,1,2023
20230319,19/3/2023,Sunday,12,March,Mar,3,1,2023
20230320,20/3/2023,Monday,12,March,Mar,3,1,2023
20230321,21/3/2023,Tuesday,12,March,Mar,3,1,2023
20230322,22/3/2023,Wednesday,12,March,Mar,3,1,2023
20230323,23/3/2023,Thursday,12,March,Mar,3,1,2023
20230324,24/3/2023,Friday,12,March,Mar,3,1,2023
20230325,25/3/2023,Saturday,12,March,Mar,3,1,2023
20230326,26/3/2023,Sunday,13,March,Mar,3,1,2023
20230327,27/3/2023,Monday,13,March,Mar,3,1,2023
20230328,28/3/2023,Tuesday,13,March,Mar,3,1,2023
20230329,29/3/2023,Wednesday,13,March,Mar,3,1,2023
20230330,30/3/2023,Thursday,13,March,Mar,3,1,2023
20230331,31/3/2023,Friday,13,March,Mar,3,1,2023
20230401,1/4/2023,Saturday,13,April,Apr,4,2,2023
20230402,2/4/2023,Sunday,14,April,Apr,4,2,2023
20230403,3/4/2023,Monday,14,April,Apr,4,2,2023
20230404,4/4/2023,Tuesday,14,April,Apr,4,2,2023
20230405,5/4/2023,Wednesday,14,April,Apr,4,2,2023
20230406,6/4/2023,Thursday,14,April,Apr,4,2,2023
20230407,7/4/2023,Friday,14,April,Apr,4,2,2023
20230408,8/4/2023,Saturday,14,April,Apr,4,2,2023
20230409,9/4/2023,Sunday,15,April,Apr,4,2,2023
20230410,10/4/2023,Monday,15,April,Apr,4,2,2023
20230411,11/4/2023,Tuesday,15,April,Apr,4,2,2023
20230412,12/4/2023,Wednesday,15,April,Apr,4,2,2023
20230413,13/4/2023,Thursday,15,April,Apr,4,2,2023
20230414,14/4/2023,Friday,15,April,Apr,4,2,2023
20230415,15/4/2023,Saturday,15,April,Apr,4,2,2023
20230416,16/4/2023,Sunday,16,April,Apr,4,2,2023
20230417,17/4/2023,Monday,16,April,Apr,4,2,2023
20230418,18/4/2023,Tuesday,16,April,Apr,4,2,2023
20230419,19/4/2023,Wednesday,16,April,Apr,4,2,2023
20230420,20/4/2023,Thursday,16,April,Apr,4,2,2023
20230421,21/4/2023,Friday,16,April,Apr,4,2,2023
20230422,22/4/2023,Saturday,16,April,Apr,4,2,2023
20230423,23/4/2023,Sunday,17,April,Apr,4,2,2023
20230424,24/4/2023,Monday,17,April,Apr,4,2,2023
20230425,25/4/2023,Tuesday,17,April,Apr,4,2,2023
20230426,26/4/2023,Wednesday,17,April,Apr,4,2,2023
20230427,27/4/2023,Thursday,17,April,Apr,4,2,2023
20230428,28/4/2023,Friday,17,April,Apr,4,2,2023
20230429,29/4/2023,Saturday,17,April,Apr,4,2,2023
20230430,30/4/2023,Sunday,18,April,Apr,4,2,2023
20230501,1/5/2023,Monday,18,May,May,5,2,2023
20230502,2/5/2023,Tuesday,18,May,May,5,2,2023
20230503,3/5/2023,Wednesday,18,May,May,5,2,2023
20230504,4/5/2023,Thursday,18,May,May,5,2,2023
20230505,5/5/2023,Friday,18,May,May,5,2,2023
20230506,6/5/2023,Saturday,18,May,May,5,2,2023
20230507,7/5/2023,Sunday,19,May,May,5,2,2023
20230508,8/5/2023,Monday,19,May,May,5,2,2023
20230509,9/5/2023,Tuesday,19,May,May,5,2,2023
20230510,10/5/2023,Wednesday,19,May,May,5,2,2023
20230511,11/5/2023,Thursday,19,May,May,5,2,2023
20230512,12/5/2023,Friday,19,May,May,5,2,2023
20230513,13/5/2023,Saturday,19,May,May,5,2,2023
20230514,14/5/2023,Sunday,20,May,May,5,2,2023
20230515,15/5/2023,Monday,20,May,May,5,2,2023
20230516,16/5/2023,Tuesday,20,May,May,5,2,2023
20230517,17/5/2023,Wednesday,20,May,May,5,2,2023
20230518,18/5/2023,Thursday,20,May,May,5,2,2023
20230519,19/5/2023,Friday,20,May,May,5,2,2023
20230520,20/5/2023,Saturday,20,May,May,5,2,2023
20230521,21/5/2023,Sunday,21,May,May,5,2,2023
20230522,22/5/2023,Monday,21,May,May,5,2,2023
20230523,23/5/2023,Tuesday,21,May,May,5,2,2023
20230524,24/5/2023,Wednesday,21,May,May,5,2,2023
20230525,25/5/2023,Thursday,21,May,May,5,2,2023
20230526,26/5/2023,Friday,21,May,May,5,2,2023
20230527,27/5/2023,Saturday,21,May,May,5,2,2023
20230528,28/5/2023,Sunday,22,May,May,5,2,2023
20230529,29/5/2023,Monday,22,May,May,5,2,2023
20230530,30/5/2023,Tuesday,22,May,May,5,2,2023
20230531,31/5/2023,Wednesday,22,May,May,5,2,2023
20230601,1/6/2023,Thursday,22,June,Jun,6,2,2023
20230602,2/6/2023,Friday,22,June,Jun,6,2,2023
20230603,3/6/2023,Saturday,22,June,Jun,6,2,2023
20230604,4/6/2023,Sunday,23,June,Jun,6,2,2023
20230605,5/6/2023,Monday,23,June,Jun,6,2,2023
20230606,6/6/2023,Tuesday,23,June,Jun,6,2,2023
20230607,7/6/2023,Wednesday,23,June,Jun,6,2,2023
20230608,8/6/2023,Thursday,23,June,Jun,6,2,2023
20230609,9/6/2023,Friday,23,June,Jun,6,2,2023
20230610,10/6/2023,Saturday,23,June,Jun,6,2,2023
20230611,11/6/2023,Sunday,24,June,Jun,6,2,2023
20230612,12/6/2023,Monday,24,June,Jun,6,2,2023
20230613,13/6/2023,Tuesday,24,June,Jun,6,2,2023
20230614,14/6/2023,Wednesday,24,June,Jun,6,2,2023
20230615,15/6/2023,Thursday,24,June,Jun,6,2,2023
20230616,16/6/2023,Friday,24,June,Jun,6,2,2023
20230617,17/6/2023,Saturday,24,June,Jun,6,2,2023
20230618,18/6/2023,Sunday,25,June,Jun,6,2,2023
20230619,19/6/2023,Monday,25,June,Jun,6,2,2023
20230620,20/6/2023,Tuesday,25,June,Jun,6,2,2023
20230621,21/6/2023,Wednesday,25,June,Jun,6,2,2023
20230622,22/6/2023,Thursday,25,June,Jun,6,2,2023
20230623,23/6/2023,Friday,25,June,Jun,6,2,2023
20230624,24/6/2023,Saturday,25,June,Jun,6,2,2023
20230625,25/6/2023,Sunday,26,June,Jun,6,2,2023
20230626,26/6/2023,Monday,26,June,Jun,6,2,2023
20230627,27/6/2023,Tuesday,26,June,Jun,6,2,2023
20230628,28/6/2023,Wednesday,26,June,Jun,6,2,2023
20230629,29/6/2023,Thursday,26,June,Jun,6,2,2023
20230630,30/6/2023,Friday,26,June,Jun,6,2,2023
20230701,1/7/2023,Saturday,26,July,Jul,7,3,2023
20230702,2/7/2023,Sunday,27,July,Jul,7,3,2023
20230703,3/7/2023,Monday,27,July,Jul,7,3,2023
20230704,4/7/2023,Tuesday,27,July,Jul,7,3,2023
20230705,5/7/2023,Wednesday,27,July,Jul,7,3,2023
20230706,6/7/2023,Thursday,27,July,Jul,7,3,2023
20230707,7/7/2023,Friday,27,July,Jul,7,3,2023
20230708,8/7/2023,Saturday,27,July,Jul,7,3,2023
20230709,9/7/2023,Sunday,28,July,Jul,7,3,2023
20230710,10/7/2023,Monday,28,July,Jul,7,3,2023
20230711,11/7/2023,Tuesday,28,July,Jul,7,3,2023
20230712,12/7/2023,Wednesday,28,July,Jul,7,3,2023
20230713,13/7/2023,Thursday,28,July,Jul,7,3,2023
20230714,14/7/2023,Friday,28,July,Jul,7,3,2023
20230715,15/7/2023,Saturday,28,July,Jul,7,3,2023
20230716,16/7/2023,Sunday,29,July,Jul,7,3,2023
20230717,17/7/2023,Monday,29,July,Jul,7,3,2023
20230718,18/7/2023,Tuesday,29,July,Jul,7,3,2023
20230719,19/7/2023,Wednesday,29,July,Jul,7,3,2023
20230720,20/7/2023,Thursday,29,July,Jul,7,3,2023
20230721,21/7/2023,Friday,29,July,Jul,7,3,2023
20230722,22/7/2023,Saturday,29,July,Jul,7,3,2023
20230723,23/7/2023,Sunday,30,July,Jul,7,3,2023
20230724,24/7/2023,Monday,30,July,Jul,7,3,2023
20230725,25/7/2023,Tuesday,30,July,Jul,7,3,2023
20230726,26/7/2023,Wednesday,30,July,Jul,7,3,2023
20230727,27/7/2023,Thursday,30,July,Jul,7,3,2023
20230728,28/7/2023,Friday,30,July,Jul,7,3,2023
20230729,29/7/2023,Saturday,30,July,Jul,7,3,2023
20230730,30/7/2023,Sunday,31,July,Jul,7,3,2023
20230731,31/7/2023,Monday,31,July,Jul,7,3,2023
20230801,1/8/2023,Tuesday,31,August,Aug,8,3,2023
20230802,2/8/2023,Wednesday,31,August,Aug,8,3,2023
20230803,3/8/2023,Thursday,31,August,Aug,8,3,2023
20230804,4/8/2023,Friday,31,August,Aug,8,3,2023
20230805,5/8/2023,Saturday,31,August,Aug,8,3,2023
20230806,6/8/2023,Sunday,32,August,Aug,8,3,2023
20230807,7/8/2023,Monday,32,August,Aug,8,3,2023
20230808,8/8/2023,Tuesday,32,August,Aug,8,3,2023
20230809,9/8/2023,Wednesday,32,August,Aug,8,3,2023
20230810,10/8/2023,Thursday,32,August,Aug,8,3,2023
20230811,11/8/2023,Friday,32,August,Aug,8,3,2023
20230812,12/8/2023,Saturday,32,August,Aug,8,3,2023
20230813,13/8/2023,Sunday,33,August,Aug,8,3,2023
20230814,14/8/2023,Monday,33,August,Aug,8,3,2023
20230815,15/8/2023,Tuesday,33,August,Aug,8,3,2023
20230816,16/8/2023,Wednesday,33,August,Aug,8,3,2023
20230817,17/8/2023,Thursday,33,August,Aug,8,3,2023
20230818,18/8/2023,Friday,33,August,Aug,8,3,2023
20230819,19/8/2023,Saturday,33,August,Aug,8,3,2023
20230820,20/8/2023,Sunday,34,August,Aug,8,3,2023
20230821,21/8/2023,Monday,34,August,Aug,8,3,2023
20230822,22/8/2023,Tuesday,34,August,Aug,8,3,2023
20230823,23/8/2023,Wednesday,34,August,Aug,8,3,2023
20230824,24/8/2023,Thursday,34,August,Aug,8,3,2023
20230825,25/8/2023,Friday,34,August,Aug,8,3,2023
20230826,26/8/2023,Saturday,34,August,Aug,8,3,2023
20230827,27/8/2023,Sunday,35,August,Aug,8,3,2023
20230828,28/8/2023,Monday,35,August,Aug,8,3,2023
20230829,29/8/2023,Tuesday,35,August,Aug,8,3,2023
20230830,30/8/2023,Wednesday,35,August,Aug,8,3,2023
20230831,31/8/2023,Thursday,35,August,Aug,8,3,2023
20230901,1/9/2023,Friday,35,September,Sep,9,3,2023
20230902,2/9/2023,Saturday,35,September,Sep,9,3,2023
20230903,3/9/2023,Sunday,36,September,Sep,9,3,2023
20230904,4/9/2023,Monday,36,September,Sep,9,3,2023
20230905,5/9/2023,Tuesday,36,September,Sep,9,3,2023
20230906,6/9/2023,Wednesday,36,September,Sep,9,3,2023
20230907,7/9/2023,Thursday,36,September,Sep,9,3,2023
20230908,8/9/2023,Friday,36,September,Sep,9,3,2023
20230909,9/9/2023,Saturday,36,September,Sep,9,3,2023
20230910,10/9/2023,Sunday,37,September,Sep,9,3,2023
20230911,11/9/2023,Monday,37,September,Sep,9,3,2023
20230912,12/9/2023,Tuesday,37,September,Sep,9,3,2023
20230913,13/9/2023,Wednesday,37,September,Sep,9,3,2023
20230914,14/9/2023,Thursday,37,September,Sep,9,3,2023
20230915,15/9/2023,Friday,37,September,Sep,9,3,2023
20230916,16/9/2023,Saturday,37,September,Sep,9,3,2023
20230917,17/9/2023,Sunday,38,September,Sep,9,3,2023
20230918,18/9/2023,Monday,38,September,Sep,9,3,2023
20230919,19/9/2023,Tuesday,38,September,Sep,9,3,2023
20230920,20/9/2023,Wednesday,38,September,Sep,9,3,2023
20230921,21/9/2023,Thursday,38,September,Sep,9,3,2023
20230922,22/9/2023,Friday,38,September,Sep,9,3,2023
20230923,23/9/2023,Saturday,38,September,Sep,9,3,2023
20230924,24/9/2023,Sunday,39,September,Sep,9,3,2023
20230925,25/9/2023,Monday,39,September,Sep,9,3,2023
20230926,26/9/2023,Tuesday,39,September,Sep,9,3,2023
20230927,27/9/2023,Wednesday,39,September,Sep,9,3,2023
20230928,28/9/2023,Thursday,39,September,Sep,9,3,2023
20230929,29/9/2023,Friday,39,September,Sep,9,3,2023
20230930,30/9/2023,Saturday,39,September,Sep,9,3,2023
20231001,1/10/2023,Sunday,40,October,Oct,10,4,2023
20231002,2/10/2023,Monday,40,October,Oct,10,4,2023
20231003,3/10/2023,Tuesday,40,October,Oct,10,4,2023
20231004,4/10/2023,Wednesday,40,October,Oct,10,4,2023
20231005,5/10/2023,Thursday,40,October,Oct,10,4,2023
20231006,6/10/2023,Friday,40,October,Oct,10,4,2023
20231007,7/10/2023,Saturday,40,October,Oct,10,4,2023
20231008,8/10/2023,Sunday,41,October,Oct,10,4,2023
20231009,9/10/2023,Monday,41,October,Oct,10,4,2023
20231010,10/10/2023,Tuesday,41,October,Oct,10,4,2023
20231011,11/10/2023,Wednesday,41,October,Oct,10,4,2023
20231012,12/10/2023,Thursday,41,October,Oct,10,4,2023
20231013,13/10/2023,Friday,41,October,Oct,10,4,2023
20231014,14/10/2023,Saturday,41,October,Oct,10,4,2023
20231015,15/10/2023,Sunday,42,October,Oct,10,4,2023
20231016,16/10/2023,Monday,42,October,Oct,10,4,2023
20231017,17/10/2023,Tuesday,42,October,Oct,10,4,2023
20231018,18/10/2023,Wednesday,42,October,Oct,10,4,2023
20231019,19/10/2023,Thursday,42,October,Oct,10,4,2023
20231020,20/10/2023,Friday,42,October,Oct,10,4,2023
20231021,21/10/2023,Saturday,42,October,Oct,10,4,2023
20231022,22/10/2023,Sunday,43,October,Oct,10,4,2023
20231023,23/10/2023,Monday,43,October,Oct,10,4,2023
20231024,24/10/2023,Tuesday,43,October,Oct,10,4,2023
20231025,25/10/2023,Wednesday,43,October,Oct,10,4,2023
20231026,26/10/2023,Thursday,43,October,Oct,10,4,2023
20231027,27/10/2023,Friday,43,October,Oct,10,4,2023
20231028,28/10/2023,Saturday,43,October,Oct,10,4,2023
20231029,29/10/2023,Sunday,44,October,Oct,10,4,2023
20231030,30/10/2023,Monday,44,October,Oct,10,4,2023
20231031,31/10/2023,Tuesday,44,October,Oct,10,4,2023
20231101,1/11/2023,Wednesday,44,November,Nov,11,4,2023
20231102,2/11/2023,Thursday,44,November,Nov,11,4,2023
20231103,3/11/2023,Friday,44,November,Nov,11,4,2023
20231104,4/11/2023,Saturday,44,November,Nov,11,4,2023
20231105,5/11/2023,Sunday,45,November,Nov,11,4,2023
20231106,6/11/2023,Monday,45,November,Nov,11,4,2023
20231107,7/11/2023,Tuesday,45,November,Nov,11,4,2023
20231108,8/11/2023,Wednesday,45,November,Nov,11,4,2023
20231109,9/11/2023,Thursday,45,November,Nov,11,4,2023
20231110,10/11/2023,Friday,45,November,Nov,11,4,2023
20231111,11/11/2023,Saturday,45,November,Nov,11,4,2023
20231112,12/11/2023,Sunday,46,November,Nov,11,4,2023
20231113,13/11/2023,Monday,46,November,Nov,11,4,2023
20231114,14/11/2023,Tuesday,46,November,Nov,11,4,2023
20231115,15/11/2023,Wednesday,46,November,Nov,11,4,2023
20231116,16/11/2023,Thursday,46,November,Nov,11,4,2023
20231117,17/11/2023,Friday,46,November,Nov,11,4,2023
20231118,18/11/2023,Saturday,46,November,Nov,11,4,2023
20231119,19/11/2023,Sunday,47,November,Nov,11,4,2023
20231120,20/11/2023,Monday,47,November,Nov,11,4,2023
20231121,21/11/2023,Tuesday,47,November,Nov,11,4,2023
20231122,22/11/2023,Wednesday,47,November,Nov,11,4,2023
20231123,23/11/2023,Thursday,47,November,Nov,11,4,2023
20231124,24/11/2023,Friday,47,November,Nov,11,4,2023
20231125,25/11/2023,Saturday,47,November,Nov,11,4,2023
20231126,26/11/2023,Sunday,48,November,Nov,11,4,2023
20231127,27/11/2023,Monday,48,November,Nov,11,4,2023
20231128,28/11/2023,Tuesday,48,November,Nov,11,4,2023
20231129,29/11/2023,Wednesday,48,November,Nov,11,4,2023
20231130,30/11/2023,Thursday,48,November,Nov,11,4,2023
20231201,1/12/2023,Friday,48,December,Dec,12,4,2023
20231202,2/12/2023,Saturday,48,December,Dec,12,4,2023
20231203,3/12/2023,Sunday,49,December,Dec,12,4,2023
20231204,4/12/2023,Monday,49,December,Dec,12,4,2023
20231205,5/12/2023,Tuesday,49,December,Dec,12,4,2023
20231206,6/12/2023,Wednesday,49,December,Dec,12,4,2023
20231207,7/12/2023,Thursday,49,December,Dec,12,4,2023
20231208,8/12/2023,Friday,49,December,Dec,12,4,2023
20231209,9/12/2023,Saturday,49,December,Dec,12,4,2023
20231210,10/12/2023,Sunday,50,December,Dec,12,4,2023
20231211,11/12/2023,Monday,50,December,Dec,12,4,2023
20231212,12/12/2023,Tuesday,50,December,Dec,12,4,2023
20231213,13/12/2023,Wednesday,50,December,Dec,12,4,2023
20231214,14/12/2023,Thursday,50,December,Dec,12,4,2023
20231215,15/12/2023,Friday,50,December,Dec,12,4,2023
20231216,16/12/2023,Saturday,50,December,Dec,12,4,2023
20231217,17/12/2023,Sunday,51,December,Dec,12,4,2023
20231218,18/12/2023,Monday,51,December,Dec,12,4,2023
20231219,19/12/2023,Tuesday,51,December,Dec,12,4,2023
20231220,20/12/2023,Wednesday,51,December,Dec,12,4,2023
20231221,21/12/2023,Thursday,51,December,Dec,12,4,2023
20231222,22/12/2023,Friday,51,December,Dec,12,4,2023
20231223,23/12/2023,Saturday,51,December,Dec,12,4,2023
20231224,24/12/2023,Sunday,52,December,Dec,12,4,2023
20231225,25/12/2023,Monday,52,December,Dec,12,4,2023
20231226,26/12/2023,Tuesday,52,December,Dec,12,4,2023
20231227,27/12/2023,Wednesday,52,December,Dec,12,4,2023
20231228,28/12/2023,Thursday,52,December,Dec,12,4,2023
20231229,29/12/2023,Friday,52,December,Dec,12,4,2023
20231230,30/12/2023,Saturday,52,December,Dec,12,4,2023
20231231,31/12/2023,Sunday,53,December,Dec,12,4,2023
20240101,1/1/2024,Monday,1,January,Jan,1,1,2024
20240102,2/1/2024,Tuesday,1,January,Jan,1,1,2024
20240103,3/1/2024,Wednesday,1,January,Jan,1,1,2024
20240104,4/1/2024,Thursday,1,January,Jan,1,1,2024
20240105,5/1/2024,Friday,1,January,Jan,1,1,2024
20240106,6/1/2024,Saturday,1,January,Jan,1,1,2024
20240107,7/1/2024,Sunday,2,January,Jan,1,1,2024
20240108,8/1/2024,Monday,2,January,Jan,1,1,2024
20240109,9/1/2024,Tuesday,2,January,Jan,1,1,2024
20240110,10/1/2024,Wednesday,2,January,Jan,1,1,2024
20240111,11/1/2024,Thursday,2,January,Jan,1,1,2024
20240112,12/1/2024,Friday,2,January,Jan,1,1,2024
20240113,13/1/2024,Saturday,2,January,Jan,1,1,2024
20240114,14/1/2024,Sunday,3,January,Jan,1,1,2024
20240115,15/1/2024,Monday,3,January,Jan,1,1,2024
20240116,16/1/2024,Tuesday,3,January,Jan,1,1,2024
20240117,17/1/2024,Wednesday,3,January,Jan,1,1,2024
20240118,18/1/2024,Thursday,3,January,Jan,1,1,2024
20240119,19/1/2024,Friday,3,January,Jan,1,1,2024
20240120,20/1/2024,Saturday,3,January,Jan,1,1,2024
20240121,21/1/2024,Sunday,4,January,Jan,1,1,2024
20240122,22/1/2024,Monday,4,January,Jan,1,1,2024
20240123,23/1/2024,Tuesday,4,January,Jan,1,1,2024
20240124,24/1/2024,Wednesday,4,January,Jan,1,1,2024
20240125,25/1/2024,Thursday,4,January,Jan,1,1,2024
20240126,26/1/2024,Friday,4,January,Jan,1,1,2024
20240127,27/1/2024,Saturday,4,January,Jan,1,1,2024
20240128,28/1/2024,Sunday,5,January,Jan,1,1,2024
20240129,29/1/2024,Monday,5,January,Jan,1,1,2024
20240130,30/1/2024,Tuesday,5,January,Jan,1,1,2024
20240131,31/1/2024,Wednesday,5,January,Jan,1,1,2024
20240201,1/2/2024,Thursday,5,February,Feb,2,1,2024
20240202,2/2/2024,Friday,5,February,Feb,2,1,2024
20240203,3/2/2024,Saturday,5,February,Feb,2,1,2024
20240204,4/2/2024,Sunday,6,February,Feb,2,1,2024
20240205,5/2/2024,Monday,6,February,Feb,2,1,2024
20240206,6/2/2024,Tuesday,6,February,Feb,2,1,2024
20240207,7/2/2024,Wednesday,6,February,Feb,2,1,2024
20240208,8/2/2024,Thursday,6,February,Feb,2,1,2024
20240209,9/2/2024,Friday,6,February,Feb,2,1,2024
20240210,10/2/2024,Saturday,6,February,Feb,2,1,2024
20240211,11/2/2024,Sunday,7,February,Feb,2,1,2024
20240212,12/2/2024,Monday,7,February,Feb,2,1,2024
20240213,13/2/2024,Tuesday,7,February,Feb,2,1,2024
20240214,14/2/2024,Wednesday,7,February,Feb,2,1,2024
20240215,15/2/2024,Thursday,7,February,Feb,2,1,2024
20240216,16/2/2024,Friday,7,February,Feb,2,1,2024
20240217,17/2/2024,Saturday,7,February,Feb,2,1,2024
20240218,18/2/2024,Sunday,8,February,Feb,2,1,2024
20240219,19/2/2024,Monday,8,February,Feb,2,1,2024
20240220,20/2/2024,Tuesday,8,February,Feb,2,1,2024
20240221,21/2/2024,Wednesday,8,February,Feb,2,1,2024
20240222,22/2/2024,Thursday,8,February,Feb,2,1,2024
20240223,23/2/2024,Friday,8,February,Feb,2,1,2024
20240224,24/2/2024,Saturday,8,February,Feb,2,1,2024
20240225,25/2/2024,Sunday,9,February,Feb,2,1,2024
20240226,26/2/2024,Monday,9,February,Feb,2,1,2024
20240227,27/2/2024,Tuesday,9,February,Feb,2,1,2024
20240228,28/2/2024,Wednesday,9,February,Feb,2,1,2024
20240229,29/2/2024,Thursday,9,February,Feb,2,1,2024
20240301,1/3/2024,Friday,9,March,Mar,3,1,2024
20240302,2/3/2024,Saturday,9,March,Mar,3,1,2024
20240303,3/3/2024,Sunday,10,March,Mar,3,1,2024
20240304,4/3/2024,Monday,10,March,Mar,3,1,2024
20240305,5/3/2024,Tuesday,10,March,Mar,3,1,2024
20240306,6/3/2024,Wednesday,10,March,Mar,3,1,2024
20240307,7/3/2024,Thursday,10,March,Mar,3,1,2024
20240308,8/3/2024,Friday,10,March,Mar,3,1,2024
20240309,9/3/2024,Saturday,10,March,Mar,3,1,2024
20240310,10/3/2024,Sunday,11,March,Mar,3,1,2024
20240311,11/3/2024,Monday,11,March,Mar,3,1,2024
20240312,12/3/2024,Tuesday,11,March,Mar,3,1,2024
20240313,13/3/2024,Wednesday,11,March,Mar,3,1,2024
20240314,14/3/2024,Thursday,11,March,Mar,3,1,2024
20240315,15/3/2024,Friday,11,March,Mar,3,1,2024
20240316,16/3/2024,Saturday,11,March,Mar,3,1,2024
20240317,17/3/2024,Sunday,12,March,Mar,3,1,2024
20240318,18/3/2024,Monday,12,March,Mar,3,1,2024
20240319,19/3/2024,Tuesday,12,March,Mar,3,1,2024
20240320,20/3/2024,Wednesday,12,March,Mar,3,1,2024
20240321,21/3/2024,Thursday,12,March,Mar,3,1,2024
20240322,22/3/2024,Friday,12,March,Mar,3,1,2024
20240323,23/3/2024,Saturday,12,March,Mar,3,1,2024
20240324,24/3/2024,Sunday,13,March,Mar,3,1,2024
20240325,25/3/2024,Monday,13,March,Mar,3,1,2024
20240326,26/3/2024,Tuesday,13,March,Mar,3,1,2024
20240327,27/3/2024,Wednesday,13,March,Mar,3,1,2024
20240328,28/3/2024,Thursday,13,March,Mar,3,1,2024
20240329,29/3/2024,Friday,13,March,Mar,3,1,2024
20240330,30/3/2024,Saturday,13,March,Mar,3,1,2024
20240331,31/3/2024,Sunday,14,March,Mar,3,1,2024
20240401,1/4/2024,Monday,14,April,Apr,4,2,2024
20240402,2/4/2024,Tuesday,14,April,Apr,4,2,2024
20240403,3/4/2024,Wednesday,14,April,Apr,4,2,2024
20240404,4/4/2024,Thursday,14,April,Apr,4,2,2024
20240405,5/4/2024,Friday,14,April,Apr,4,2,2024
20240406,6/4/2024,Saturday,14,April,Apr,4,2,2024
20240407,7/4/2024,Sunday,15,April,Apr,4,2,2024
20240408,8/4/2024,Monday,15,April,Apr,4,2,2024
20240409,9/4/2024,Tuesday,15,April,Apr,4,2,2024
20240410,10/4/2024,Wednesday,15,April,Apr,4,2,2024
20240411,11/4/2024,Thursday,15,April,Apr,4,2,2024
20240412,12/4/2024,Friday,15,April,Apr,4,2,2024
20240413,13/4/2024,Saturday,15,April,Apr,4,2,2024
20240414,14/4/2024,Sunday,16,April,Apr,4,2,2024
20240415,15/4/2024,Monday,16,April,Apr,4,2,2024
20240416,16/4/2024,Tuesday,16,April,Apr,4,2,2024
20240417,17/4/2024,Wednesday,16,April,Apr,4,2,2024
20240418,18/4/2024,Thursday,16,April,Apr,4,2,2024
20240419,19/4/2024,Friday,16,April,Apr,4,2,2024
20240420,20/4/2024,Saturday,16,April,Apr,4,2,2024
20240421,21/4/2024,Sunday,17,April,Apr,4,2,2024
20240422,22/4/2024,Monday,17,April,Apr,4,2,2024
20240423,23/4/2024,Tuesday,17,April,Apr,4,2,2024
20240424,24/4/2024,Wednesday,17,April,Apr,4,2,2024
20240425,25/4/2024,Thursday,17,April,Apr,4,2,2024
20240426,26/4/2024,Friday,17,April,Apr,4,2,2024
20240427,27/4/2024,Saturday,17,April,Apr,4,2,2024
20240428,28/4/2024,Sunday,18,April,Apr,4,2,2024
20240429,29/4/2024,Monday,18,April,Apr,4,2,2024
20240430,30/4/2024,Tuesday,18,April,Apr,4,2,2024
20240501,1/5/2024,Wednesday,18,May,May,5,2,2024
20240502,2/5/2024,Thursday,18,May,May,5,2,2024
20240503,3/5/2024,Friday,18,May,May,5,2,2024
20240504,4/5/2024,Saturday,18,May,May,5,2,2024
20240505,5/5/2024,Sunday,19,May,May,5,2,2024
20240506,6/5/2024,Monday,19,May,May,5,2,2024
20240507,7/5/2024,Tuesday,19,May,May,5,2,2024
20240508,8/5/2024,Wednesday,19,May,May,5,2,2024
20240509,9/5/2024,Thursday,19,May,May,5,2,2024
20240510,10/5/2024,Friday,19,May,May,5,2,2024
20240511,11/5/2024,Saturday,19,May,May,5,2,2024
20240512,12/5/2024,Sunday,20,May,May,5,2,2024
20240513,13/5/2024,Monday,20,May,May,5,2,2024
20240514,14/5/2024,Tuesday,20,May,May,5,2,2024
20240515,15/5/2024,Wednesday,20,May,May,5,2,2024
20240516,16/5/2024,Thursday,20,May,May,5,2,2024
20240517,17/5/2024,Friday,20,May,May,5,2,2024
20240518,18/5/2024,Saturday,20,May,May,5,2,2024
20240519,19/5/2024,Sunday,21,May,May,5,2,2024
20240520,20/5/2024,Monday,21,May,May,5,2,2024
20240521,21/5/2024,Tuesday,21,May,May,5,2,2024
20240522,22/5/2024,Wednesday,21,May,May,5,2,2024
20240523,23/5/2024,Thursday,21,May,May,5,2,2024
20240524,24/5/2024,Friday,21,May,May,5,2,2024
20240525,25/5/2024,Saturday,21,May,May,5,2,2024
20240526,26/5/2024,Sunday,22,May,May,5,2,2024
20240527,27/5/2024,Monday,22,May,May,5,2,2024
20240528,28/5/2024,Tuesday,22,May,May,5,2,2024
20240529,29/5/2024,Wednesday,22,May,May,5,2,2024
20240530,30/5/2024,Thursday,22,May,May,5,2,2024
20240531,31/5/2024,Friday,22,May,May,5,2,2024
20240601,1/6/2024,Saturday,22,June,Jun,6,2,2024
20240602,2/6/2024,Sunday,23,June,Jun,6,2,2024
20240603,3/6/2024,Monday,23,June,Jun,6,2,2024
20240604,4/6/2024,Tuesday,23,June,Jun,6,2,2024
20240605,5/6/2024,Wednesday,23,June,Jun,6,2,2024
20240606,6/6/2024,Thursday,23,June,Jun,6,2,2024
20240607,7/6/2024,Friday,23,June,Jun,6,2,2024
20240608,8/6/2024,Saturday,23,June,Jun,6,2,2024
20240609,9/6/2024,Sunday,24,June,Jun,6,2,2024
20240610,10/6/2024,Monday,24,June,Jun,6,2,2024
20240611,11/6/2024,Tuesday,24,June,Jun,6,2,2024
20240612,12/6/2024,Wednesday,24,June,Jun,6,2,2024
20240613,13/6/2024,Thursday,24,June,Jun,6,2,2024
20240614,14/6/2024,Friday,24,June,Jun,6,2,2024
20240615,15/6/2024,Saturday,24,June,Jun,6,2,2024
20240616,16/6/2024,Sunday,25,June,Jun,6,2,2024
20240617,17/6/2024,Monday,25,June,Jun,6,2,2024
20240618,18/6/2024,Tuesday,25,June,Jun,6,2,2024
20240619,19/6/2024,Wednesday,25,June,Jun,6,2,2024
20240620,20/6/2024,Thursday,25,June,Jun,6,2,2024
20240621,21/6/2024,Friday,25,June,Jun,6,2,2024
20240622,22/6/2024,Saturday,25,June,Jun,6,2,2024
20240623,23/6/2024,Sunday,26,June,Jun,6,2,2024
20240624,24/6/2024,Monday,26,June,Jun,6,2,2024
20240625,25/6/2024,Tuesday,26,June,Jun,6,2,2024
20240626,26/6/2024,Wednesday,26,June,Jun,6,2,2024
20240627,27/6/2024,Thursday,26,June,Jun,6,2,2024
20240628,28/6/2024,Friday,26,June,Jun,6,2,2024
20240629,29/6/2024,Saturday,26,June,Jun,6,2,2024
20240630,30/6/2024,Sunday,27,June,Jun,6,2,2024
20240701,1/7/2024,Monday,27,July,Jul,7,3,2024
20240702,2/7/2024,Tuesday,27,July,Jul,7,3,2024
20240703,3/7/2024,Wednesday,27,July,Jul,7,3,2024
20240704,4/7/2024,Thursday,27,July,Jul,7,3,2024
20240705,5/7/2024,Friday,27,July,Jul,7,3,2024
20240706,6/7/2024,Saturday,27,July,Jul,7,3,2024
20240707,7/7/2024,Sunday,28,July,Jul,7,3,2024
20240708,8/7/2024,Monday,28,July,Jul,7,3,2024
20240709,9/7/2024,Tuesday,28,July,Jul,7,3,2024
20240710,10/7/2024,Wednesday,28,July,Jul,7,3,2024
20240711,11/7/2024,Thursday,28,July,Jul,7,3,2024
20240712,12/7/2024,Friday,28,July,Jul,7,3,2024
20240713,13/7/2024,Saturday,28,July,Jul,7,3,2024
20240714,14/7/2024,Sunday,29,July,Jul,7,3,2024
20240715,15/7/2024,Monday,29,July,Jul,7,3,2024
20240716,16/7/2024,Tuesday,29,July,Jul,7,3,2024
20240717,17/7/2024,Wednesday,29,July,Jul,7,3,2024
20240718,18/7/2024,Thursday,29,July,Jul,7,3,2024
20240719,19/7/2024,Friday,29,July,Jul,7,3,2024
20240720,20/7/2024,Saturday,29,July,Jul,7,3,2024
20240721,21/7/2024,Sunday,30,July,Jul,7,3,2024
20240722,22/7/2024,Monday,30,July,Jul,7,3,2024
20240723,23/7/2024,Tuesday,30,July,Jul,7,3,2024
20240724,24/7/2024,Wednesday,30,July,Jul,7,3,2024
20240725,25/7/2024,Thursday,30,July,Jul,7,3,2024
20240726,26/7/2024,Friday,30,July,Jul,7,3,2024
20240727,27/7/2024,Saturday,30,July,Jul,7,3,2024
20240728,28/7/2024,Sunday,31,July,Jul,7,3,2024
20240729,29/7/2024,Monday,31,July,Jul,7,3,2024
20240730,30/7/2024,Tuesday,31,July,Jul,7,3,2024
20240731,31/7/2024,Wednesday,31,July,Jul,7,3,2024
20240801,1/8/2024,Thursday,31,August,Aug,8,3,2024
20240802,2/8/2024,Friday,31,August,Aug,8,3,2024
20240803,3/8/2024,Saturday,31,August,Aug,8,3,2024
20240804,4/8/2024,Sunday,32,August,Aug,8,3,2024
20240805,5/8/2024,Monday,32,August,Aug,8,3,2024
20240806,6/8/2024,Tuesday,32,August,Aug,8,3,2024
20240807,7/8/2024,Wednesday,32,August,Aug,8,3,2024
20240808,8/8/2024,Thursday,32,August,Aug,8,3,2024
20240809,9/8/2024,Friday,32,August,Aug,8,3,2024
20240810,10/8/2024,Saturday,32,August,Aug,8,3,2024
20240811,11/8/2024,Sunday,33,August,Aug,8,3,2024
20240812,12/8/2024,Monday,33,August,Aug,8,3,2024
20240813,13/8/2024,Tuesday,33,August,Aug,8,3,2024
20240814,14/8/2024,Wednesday,33,August,Aug,8,3,2024
20240815,15/8/2024,Thursday,33,August,Aug,8,3,2024
20240816,16/8/2024,Friday,33,August,Aug,8,3,2024
20240817,17/8/2024,Saturday,33,August,Aug,8,3,2024
20240818,18/8/2024,Sunday,34,August,Aug,8,3,2024
20240819,19/8/2024,Monday,34,August,Aug,8,3,2024
20240820,20/8/2024,Tuesday,34,August,Aug,8,3,2024
20240821,21/8/2024,Wednesday,34,August,Aug,8,3,2024
20240822,22/8/2024,Thursday,34,August,Aug,8,3,2024
20240823,23/8/2024,Friday,34,August,Aug,8,3,2024
20240824,24/8/2024,Saturday,34,August,Aug,8,3,2024
20240825,25/8/2024,Sunday,35,August,Aug,8,3,2024
20240826,26/8/2024,Monday,35,August,Aug,8,3,2024
20240827,27/8/2024,Tuesday,35,August,Aug,8,3,2024
20240828,28/8/2024,Wednesday,35,August,Aug,8,3,2024
20240829,29/8/2024,Thursday,35,August,Aug,8,3,2024
20240830,30/8/2024,Friday,35,August,Aug,8,3,2024
20240831,31/8/2024,Saturday,35,August,Aug,8,3,2024
20240901,1/9/2024,Sunday,36,September,Sep,9,3,2024
20240902,2/9/2024,Monday,36,September,Sep,9,3,2024
20240903,3/9/2024,Tuesday,36,September,Sep,9,3,2024
20240904,4/9/2024,Wednesday,36,September,Sep,9,3,2024
20240905,5/9/2024,Thursday,36,September,Sep,9,3,2024
20240906,6/9/2024,Friday,36,September,Sep,9,3,2024
20240907,7/9/2024,Saturday,36,September,Sep,9,3,2024
20240908,8/9/2024,Sunday,37,September,Sep,9,3,2024
20240909,9/9/2024,Monday,37,September,Sep,9,3,2024
20240910,10/9/2024,Tuesday,37,September,Sep,9,3,2024
20240911,11/9/2024,Wednesday,37,September,Sep,9,3,2024
20240912,12/9/2024,Thursday,37,September,Sep,9,3,2024
20240913,13/9/2024,Friday,37,September,Sep,9,3,2024
20240914,14/9/2024,Saturday,37,September,Sep,9,3,2024
20240915,15/9/2024,Sunday,38,September,Sep,9,3,2024
20240916,16/9/2024,Monday,38,September,Sep,9,3,2024
20240917,17/9/2024,Tuesday,38,September,Sep,9,3,2024
20240918,18/9/2024,Wednesday,38,September,Sep,9,3,2024
20240919,19/9/2024,Thursday,38,September,Sep,9,3,2024
20240920,20/9/2024,Friday,38,September,Sep,9,3,2024
20240921,21/9/2024,Saturday,38,September,Sep,9,3,2024
20240922,22/9/2024,Sunday,39,September,Sep,9,3,2024
20240923,23/9/2024,Monday,39,September,Sep,9,3,2024
20240924,24/9/2024,Tuesday,39,September,Sep,9,3,2024
20240925,25/9/2024,Wednesday,39,September,Sep,9,3,2024
20240926,26/9/2024,Thursday,39,September,Sep,9,3,2024
20240927,27/9/2024,Friday,39,September,Sep,9,3,2024
20240928,28/9/2024,Saturday,39,September,Sep,9,3,2024
20240929,29/9/2024,Sunday,40,September,Sep,9,3,2024
20240930,30/9/2024,Monday,40,September,Sep,9,3,2024
20241001,1/10/2024,Tuesday,40,October,Oct,10,4,2024
20241002,2/10/2024,Wednesday,40,October,Oct,10,4,2024
20241003,3/10/2024,Thursday,40,October,Oct,10,4,2024
20241004,4/10/2024,Friday,40,October,Oct,10,4,2024
20241005,5/10/2024,Saturday,40,October,Oct,10,4,2024
20241006,6/10/2024,Sunday,41,October,Oct,10,4,2024
20241007,7/10/2024,Monday,41,October,Oct,10,4,2024
20241008,8/10/2024,Tuesday,41,October,Oct,10,4,2024
20241009,9/10/2024,Wednesday,41,October,Oct,10,4,2024
20241010,10/10/2024,Thursday,41,October,Oct,10,4,2024
20241011,11/10/2024,Friday,41,October,Oct,10,4,2024
20241012,12/10/2024,Saturday,41,October,Oct,10,4,2024
20241013,13/10/2024,Sunday,42,October,Oct,10,4,2024
20241014,14/10/2024,Monday,42,October,Oct,10,4,2024
20241015,15/10/2024,Tuesday,42,October,Oct,10,4,2024
20241016,16/10/2024,Wednesday,42,October,Oct,10,4,2024
20241017,17/10/2024,Thursday,42,October,Oct,10,4,2024
20241018,18/10/2024,Friday,42,October,Oct,10,4,2024
20241019,19/10/2024,Saturday,42,October,Oct,10,4,2024
20241020,20/10/2024,Sunday,43,October,Oct,10,4,2024
20241021,21/10/2024,Monday,43,October,Oct,10,4,2024
20241022,22/10/2024,Tuesday,43,October,Oct,10,4,2024
20241023,23/10/2024,Wednesday,43,October,Oct,10,4,2024
20241024,24/10/2024,Thursday,43,October,Oct,10,4,2024
20241025,25/10/2024,Friday,43,October,Oct,10,4,2024
20241026,26/10/2024,Saturday,43,October,Oct,10,4,2024
20241027,27/10/2024,Sunday,44,October,Oct,10,4,2024
20241028,28/10/2024,Monday,44,October,Oct,10,4,2024
20241029,29/10/2024,Tuesday,44,October,Oct,10,4,2024
20241030,30/10/2024,Wednesday,44,October,Oct,10,4,2024
20241031,31/10/2024,Thursday,44,October,Oct,10,4,2024
20241101,1/11/2024,Friday,44,November,Nov,11,4,2024
20241102,2/11/2024,Saturday,44,November,Nov,11,4,2024
20241103,3/11/2024,Sunday,45,November,Nov,11,4,2024
20241104,4/11/2024,Monday,45,November,Nov,11,4,2024
20241105,5/11/2024,Tuesday,45,November,Nov,11,4,2024
20241106,6/11/2024,Wednesday,45,November,Nov,11,4,2024
20241107,7/11/2024,Thursday,45,November,Nov,11,4,2024
20241108,8/11/2024,Friday,45,November,Nov,11,4,2024
20241109,9/11/2024,Saturday,45,November,Nov,11,4,2024
20241110,10/11/2024,Sunday,46,November,Nov,11,4,2024
20241111,11/11/2024,Monday,46,November,Nov,11,4,2024
20241112,12/11/2024,Tuesday,46,November,Nov,11,4,2024
20241113,13/11/2024,Wednesday,46,November,Nov,11,4,2024
20241114,14/11/2024,Thursday,46,November,Nov,11,4,2024
20241115,15/11/2024,Friday,46,November,Nov,11,4,2024
20241116,16/11/2024,Saturday,46,November,Nov,11,4,2024
20241117,17/11/2024,Sunday,47,November,Nov,11,4,2024
20241118,18/11/2024,Monday,47,November,Nov,11,4,2024
20241119,19/11/2024,Tuesday,47,November,Nov,11,4,2024
20241120,20/11/2024,Wednesday,47,November,Nov,11,4,2024
20241121,21/11/2024,Thursday,47,November,Nov,11,4,2024
20241122,22/11/2024,Friday,47,November,Nov,11,4,2024
20241123,23/11/2024,Saturday,47,November,Nov,11,4,2024
20241124,24/11/2024,Sunday,48,November,Nov,11,4,2024
20241125,25/11/2024,Monday,48,November,Nov,11,4,2024
20241126,26/11/2024,Tuesday,48,November,Nov,11,4,2024
20241127,27/11/2024,Wednesday,48,November,Nov,11,4,2024
20241128,28/11/2024,Thursday,48,November,Nov,11,4,2024
20241129,29/11/2024,Friday,48,November,Nov,11,4,2024
20241130,30/11/2024,Saturday,48,November,Nov,11,4,2024
20241201,1/12/2024,Sunday,49,December,Dec,12,4,2024
20241202,2/12/2024,Monday,49,December,Dec,12,4,2024
20241203,3/12/2024,Tuesday,49,December,Dec,12,4,2024
20241204,4/12/2024,Wednesday,49,December,Dec,12,4,2024
20241205,5/12/2024,Thursday,49,December,Dec,12,4,2024
20241206,6/12/2024,Friday,49,December,Dec,12,4,2024
20241207,7/12/2024,Saturday,49,December,Dec,12,4,2024
20241208,8/12/2024,Sunday,50,December,Dec,12,4,2024
20241209,9/12/2024,Monday,50,December,Dec,12,4,2024
20241210,10/12/2024,Tuesday,50,December,Dec,12,4,2024
20241211,11/12/2024,Wednesday,50,December,Dec,12,4,2024
20241212,12/12/2024,Thursday,50,December,Dec,12,4,2024
20241213,13/12/2024,Friday,50,December,Dec,12,4,2024
20241214,14/12/2024,Saturday,50,December,Dec,12,4,2024
20241215,15/12/2024,Sunday,51,December,Dec,12,4,2024
20241216,16/12/2024,Monday,51,December,Dec,12,4,2024
20241217,17/12/2024,Tuesday,51,December,Dec,12,4,2024
20241218,18/12/2024,Wednesday,51,December,Dec,12,4,2024
20241219,19/12/2024,Thursday,51,December,Dec,12,4,2024
20241220,20/12/2024,Friday,51,December,Dec,12,4,2024
20241221,21/12/2024,Saturday,51,December,Dec,12,4,2024
20241222,22/12/2024,Sunday,52,December,Dec,12,4,2024
20241223,23/12/2024,Monday,52,December,Dec,12,4,2024
20241224,24/12/2024,Tuesday,52,December,Dec,12,4,2024
20241225,25/12/2024,Wednesday,52,December,Dec,12,4,2024
20241226,26/12/2024,Thursday,52,December,Dec,12,4,2024
20241227,27/12/2024,Friday,52,December,Dec,12,4,2024
20241228,28/12/2024,Saturday,52,December,Dec,12,4,2024
20241229,29/12/2024,Sunday,53,December,Dec,12,4,2024
20241230,30/12/2024,Monday,53,December,Dec,12,4,2024
20241231,31/12/2024,Tuesday,53,December,Dec,12,4,2024
